Time,Accel x[m/s^2],Accel y[m/s^2],Accel z[m/s^2],Spin x[degrees/sec],Spin y[degrees/sec],Spin z[degrees/sec]
00:00:00:000,-3.947841760435743,-0.0,0.0,0.0,0.0,36.0
00:00:00:010,-3.9477636773316753,-0.024829687494648124,0.0,0.0,0.0,36.0
00:00:00:020,-3.9475294311082307,-0.04965839279234394,0.0,0.0,0.0,36.0
00:00:00:030,-3.947139031031574,-0.07448513373498827,0.0,0.0,0.0,36.0
00:00:00:040,-3.946592492544902,-0.09930892824218665,0.0,0.0,0.0,36.0
00:00:00:050,-3.9458898372678357,-0.12412879435009781,0.0,0.0,0.0,36.0
00:00:00:060,-3.9450310929955643,-0.14894375025027762,0.0,0.0,0.0,36.0
00:00:00:070,-3.944016293697747,-0.17375281432851677,0.0,0.0,0.0,36.0
00:00:00:080,-3.942845479517167,-0.19855500520367092,0.0,0.0,0.0,36.0
00:00:00:090,-3.9415186967681466,-0.22334934176648155,0.0,0.0,0.0,36.0
00:00:00:100,-3.940035997934711,-0.24813484321838594,0.0,0.0,0.0,36.0
00:00:00:110,-3.9383974416685166,-0.2729105291103152,0.0,0.0,0.0,36.0
00:00:00:120,-3.9366030927865268,-0.2976754193814779,0.0,0.0,0.0,36.0
00:00:00:130,-3.9346530222684515,-0.3224285343981291,0.0,0.0,0.0,36.0
00:00:00:140,-3.9325473072539374,-0.3471688949923217,0.0,0.0,0.0,36.0
00:00:00:150,-3.9302860310395173,-0.37189552250063995,0.0,0.0,0.0,36.0
00:00:00:160,-3.9278692830753137,-0.3966074388029129,0.0,0.0,0.0,36.0
00:00:00:170,-3.9252971589615018,-0.42130366636090605,0.0,0.0,0.0,36.0
00:00:00:180,-3.9225697604445298,-0.44598322825699,0.0,0.0,0.0,36.0
00:00:00:190,-3.9196871954130885,-0.47064514823278547,0.0,0.0,0.0,36.0
00:00:00:200,-3.916649577893848,-0.49528845072778055,0.0,0.0,0.0,36.0
00:00:00:210,-3.9134570280469463,-0.519912160917922,0.0,0.0,0.0,36.0
00:00:00:220,-3.910109672161236,-0.5445153047541765,0.0,0.0,0.0,36.0
00:00:00:230,-3.9066076426492877,-0.5690969090010612,0.0,0.0,0.0,36.0
00:00:00:240,-3.9029510780421517,-0.5936560012751432,0.0,0.0,0.0,36.0
00:00:00:250,-3.8991401229838805,-0.6181916100835031,0.0,0.0,0.0,36.0
00:00:00:260,-3.895174928225806,-0.6427027648621659,0.0,0.0,0.0,36.0
00:00:00:270,-3.891055650620575,-0.6671884960144935,0.0,0.0,0.0,36.0
00:00:00:280,-3.886782453115945,-0.6916478349495393,0.0,0.0,0.0,36.0
00:00:00:290,-3.8823555047483396,-0.7160798141203634,0.0,0.0,0.0,36.0
00:00:00:300,-3.8777749806361608,-0.7404834670623057,0.0,0.0,0.0,36.0
00:00:00:310,-3.8730410619728612,-0.7648578284312174,0.0,0.0,0.0,36.0
00:00:00:320,-3.8681539360197794,-0.7892019340416468,0.0,0.0,0.0,36.0
00:00:00:330,-3.8631137960987285,-0.8135148209049803,0.0,0.0,0.0,36.0
00:00:00:340,-3.8579208415843507,-0.8377955272675355,0.0,0.0,0.0,36.0
00:00:00:350,-3.8525752778962303,-0.8620430926486058,0.0,0.0,0.0,36.0
00:00:00:360,-3.84707731649077,-0.8862565578784545,0.0,0.0,0.0,36.0
00:00:00:370,-3.841427174852822,-0.9104349651362569,0.0,0.0,0.0,36.0
00:00:00:380,-3.8356250764870885,-0.9345773579879892,0.0,0.0,0.0,36.0
00:00:00:390,-3.8296712509092776,-0.9586827814242626,0.0,0.0,0.0,36.0
00:00:00:400,-3.823565933637028,-0.9827502818981005,0.0,0.0,0.0,36.0
00:00:00:410,-3.817309366180588,-1.0067789073626594,0.0,0.0,0.0,36.0
00:00:00:420,-3.810901796033266,-1.0307677073088881,0.0,0.0,0.0,36.0
00:00:00:430,-3.8043434766616375,-1.0547157328031276,0.0,0.0,0.0,36.0
00:00:00:440,-3.79763466749552,-1.0786220365246493,0.0,0.0,0.0,36.0
00:00:00:450,-3.7907756339177117,-1.1024856728031278,0.0,0.0,0.0,36.0
00:00:00:460,-3.7837666472534894,-1.126305697656049,0.0,0.0,0.0,36.0
00:00:00:470,-3.7766079847598815,-1.150081168826052,0.0,0.0,0.0,36.0
00:00:00:480,-3.769299929614696,-1.1738111458182017,0.0,0.0,0.0,36.0
00:00:00:490,-3.76184277090532,-1.197494689937193,0.0,0.0,0.0,36.0
00:00:00:500,-3.7542368036172853,-1.221130864324483,0.0,0.0,0.0,36.0
00:00:00:510,-3.7464823286225974,-1.2447187339953498,0.0,0.0,0.0,36.0
00:00:00:520,-3.738579652667837,-1.268257365875879,0.0,0.0,0.0,36.0
00:00:00:530,-3.7305290883620215,-1.2917458288398738,0.0,0.0,0.0,36.0
00:00:00:540,-3.722330954164243,-1.3151831937456868,0.0,0.0,0.0,36.0
00:00:00:550,-3.7139855743710686,-1.3385685334729756,0.0,0.0,0.0,36.0
00:00:00:560,-3.705493279103713,-1.3619009229593757,0.0,0.0,0.0,36.0
00:00:00:570,-3.6968544042949802,-1.3851794392370955,0.0,0.0,0.0,36.0
00:00:00:580,-3.6880692916759736,-1.408403161469425,0.0,0.0,0.0,36.0
00:00:00:590,-3.6791382887625783,-1.431571170987162,0.0,0.0,0.0,36.0
00:00:00:600,-3.6700617488417153,-1.4546825513249526,0.0,0.0,0.0,36.0
00:00:00:610,-3.6608400309573668,-1.477736388257544,0.0,0.0,0.0,36.0
00:00:00:620,-3.6514734998963703,-1.5007317698359481,0.0,0.0,0.0,36.0
00:00:00:630,-3.641962526173992,-1.5236677864235173,0.0,0.0,0.0,36.0
00:00:00:640,-3.6323074860192675,-1.546543530731926,0.0,0.0,0.0,36.0
00:00:00:650,-3.622508761360123,-1.5693580978570612,0.0,0.0,0.0,36.0
00:00:00:660,-3.612566739808262,-1.5921105853148174,0.0,0.0,0.0,36.0
00:00:00:670,-3.6024818146438364,-1.6148000930767976,0.0,0.0,0.0,36.0
00:00:00:680,-3.5922543847998885,-1.6374257236059155,0.0,0.0,0.0,36.0
00:00:00:690,-3.5818848548465696,-1.6599865818918993,0.0,0.0,0.0,36.0
00:00:00:700,-3.571373634975136,-1.6824817754866968,0.0,0.0,0.0,36.0
00:00:00:710,-3.5607211409817237,-1.7049104145397767,0.0,0.0,0.0,36.0
00:00:00:720,-3.5499277942509013,-1.727271611833331,0.0,0.0,0.0,36.0
00:00:00:730,-3.538994021738999,-1.7495644828173695,0.0,0.0,0.0,36.0
00:00:00:740,-3.5279202559572203,-1.7717881456447107,0.0,0.0,0.0,36.0
00:00:00:750,-3.5167069349545352,-1.7939417212058648,0.0,0.0,0.0,36.0
00:00:00:760,-3.5053545023003485,-1.81602433316381,0.0,0.0,0.0,36.0
00:00:00:770,-3.493863407066955,-1.8380351079886565,0.0,0.0,0.0,36.0
00:00:00:780,-3.482234103811776,-1.8599731749922035,0.0,0.0,0.0,36.0
00:00:00:790,-3.470467052559379,-1.8818376663623788,0.0,0.0,0.0,36.0
00:00:00:800,-3.4585627187832753,-1.9036277171975684,0.0,0.0,0.0,36.0
00:00:00:810,-3.4465215733875136,-1.9253424655408298,0.0,0.0,0.0,36.0
00:00:00:820,-3.43434409268805,-1.946981052413988,0.0,0.0,0.0,36.0
00:00:00:830,-3.4220307583939036,-1.9685426218516149,0.0,0.0,0.0,36.0
00:00:00:840,-3.4095820575881035,-1.9900263209348903,0.0,0.0,0.0,36.0
00:00:00:850,-3.396998482708424,-2.011431299825338,0.0,0.0,0.0,36.0
00:00:00:860,-3.384280531527898,-2.032756711798446,0.0,0.0,0.0,36.0
00:00:00:870,-3.3714287071351334,-2.05400171327716,0.0,0.0,0.0,36.0
00:00:00:880,-3.358443517914407,-2.0751654638652517,0.0,0.0,0.0,36.0
00:00:00:890,-3.345325477525559,-2.0962471263805655,0.0,0.0,0.0,36.0
00:00:00:900,-3.332075104883669,-2.117245866888131,0.0,0.0,0.0,36.0
00:00:00:910,-3.3186929241385332,-2.138160854733156,0.0,0.0,0.0,36.0
00:00:00:920,-3.305179464653928,-2.158991262573881,0.0,0.0,0.0,36.0
00:00:00:930,-3.291535260986671,-2.1797362664143107,0.0,0.0,0.0,36.0
00:00:00:940,-3.277760852865473,-2.200395045636804,0.0,0.0,0.0,36.0
00:00:00:950,-3.263856785169594,-2.22096678303454,0.0,0.0,0.0,36.0
00:00:00:960,-3.2498236079072793,-2.2414506648438426,0.0,0.0,0.0,36.0
00:00:00:970,-3.2356618761940115,-2.2618458807763715,0.0,0.0,0.0,36.0
00:00:00:980,-3.221372150230548,-2.2821516240511723,0.0,0.0,0.0,36.0
00:00:00:990,-3.2069549952807606,-2.302367091426597,0.0,0.0,0.0,36.0
00:00:01:001,-3.192410981649275,-2.3224914832320698,0.0,0.0,0.0,36.0
00:00:01:011,-3.177740684658914,-2.3425240033997277,0.0,0.0,0.0,36.0
00:00:01:021,-3.162944684627934,-2.3624638594959055,0.0,0.0,0.0,36.0
00:00:01:031,-3.1480235668470744,-2.3823102627524846,0.0,0.0,0.0,36.0
00:00:01:041,-3.132977921556403,-2.4020624280980942,0.0,0.0,0.0,36.0
00:00:01:051,-3.117808343921965,-2.4217195741891677,0.0,0.0,0.0,36.0
00:00:01:061,-3.102515434012245,-2.441280923440848,0.0,0.0,0.0,36.0
00:00:01:071,-3.0870997967744263,-2.4607457020577495,0.0,0.0,0.0,36.0
00:00:01:081,-3.07156204201046,-2.4801131400645664,0.0,0.0,0.0,36.0
00:00:01:091,-3.055902784352947,-2.499382471336529,0.0,0.0,0.0,36.0
00:00:01:101,-3.040122643240821,-2.5185529336297137,0.0,0.0,0.0,36.0
00:00:01:111,-3.0242222428948455,-2.5376237686111907,0.0,0.0,0.0,36.0
00:00:01:121,-3.008202212292923,-2.5565942218890254,0.0,0.0,0.0,36.0
00:00:01:131,-2.992063185145215,-2.5754635430421184,0.0,0.0,0.0,36.0
00:00:01:141,-2.9758057998690695,-2.5942309856498897,0.0,0.0,0.0,36.0
00:00:01:151,-2.9594306995637716,-2.6128958073218067,0.0,0.0,0.0,36.0
00:00:01:161,-2.9429385319851025,-2.63145726972675,0.0,0.0,0.0,36.0
00:00:01:171,-2.9263299495197157,-2.64991463862222,0.0,0.0,0.0,36.0
00:00:01:181,-2.90960560915933,-2.668267183883382,0.0,0.0,0.0,36.0
00:00:01:191,-2.8927661724747424,-2.6865141795319487,0.0,0.0,0.0,36.0
00:00:01:201,-2.8758123055896565,-2.704654903764895,0.0,0.0,0.0,36.0
00:00:01:211,-2.8587446791543325,-2.7226886389830147,0.0,0.0,0.0,36.0
00:00:01:221,-2.8415639683190586,-2.7406146718193045,0.0,0.0,0.0,36.0
00:00:01:231,-2.8242708527074436,-2.758432293167182,0.0,0.0,0.0,36.0
00:00:01:241,-2.806866016389533,-2.776140798208539,0.0,0.0,0.0,36.0
00:00:01:251,-2.789350147854748,-2.79373948644162,0.0,0.0,0.0,36.0
00:00:01:261,-2.771723939984653,-2.8112276617087315,0.0,0.0,0.0,36.0
00:00:01:271,-2.7539880900255445,-2.828604632223784,0.0,0.0,0.0,36.0
00:00:01:281,-2.7361432995608697,-2.845869710599652,0.0,0.0,0.0,36.0
00:00:01:291,-2.7181902744834767,-2.8630222138753716,0.0,0.0,0.0,36.0
00:00:01:301,-2.70012972496769,-2.880061463543148,0.0,0.0,0.0,36.0
00:00:01:311,-2.6819623654412146,-2.8969867855752045,0.0,0.0,0.0,36.0
00:00:01:321,-2.66368891455688,-2.91379751045044,0.0,0.0,0.0,36.0
00:00:01:331,-2.6453100951642097,-2.9304929731809133,0.0,0.0,0.0,36.0
00:00:01:341,-2.6268266342808273,-2.9470725133381515,0.0,0.0,0.0,36.0
00:00:01:351,-2.6082392630636972,-2.963535475079273,0.0,0.0,0.0,36.0
00:00:01:361,-2.5895487167802025,-2.9798812071729297,0.0,0.0,0.0,36.0
00:00:01:371,-2.5707557347790617,-2.9961090630250693,0.0,0.0,0.0,36.0
00:00:01:381,-2.551861060461078,-3.0122184007045125,0.0,0.0,0.0,36.0
00:00:01:391,-2.532865441249735,-3.0282085829683485,0.0,0.0,0.0,36.0
00:00:01:401,-2.513769628561631,-3.044078977287138,0.0,0.0,0.0,36.0
00:00:01:411,-2.494574377776753,-3.059828955869938,0.0,0.0,0.0,36.0
00:00:01:421,-2.4752804482085966,-3.0754578956891345,0.0,0.0,0.0,36.0
00:00:01:431,-2.455888603074131,-3.090965178505087,0.0,0.0,0.0,36.0
00:00:01:441,-2.4363996094636065,-3.1063501908905855,0.0,0.0,0.0,36.0
00:00:01:451,-2.41681423831021,-3.121612324255117,0.0,0.0,0.0,36.0
00:00:01:461,-2.3971332643595704,-3.136750974868936,0.0,0.0,0.0,36.0
00:00:01:471,-2.377357466139112,-3.151765543886951,0.0,0.0,0.0,36.0
00:00:01:481,-2.3574876259272566,-3.166655437372411,0.0,0.0,0.0,36.0
00:00:01:491,-2.337524529722478,-3.1814200663204,0.0,0.0,0.0,36.0
00:00:01:501,-2.317468967212213,-3.1960588466811353,0.0,0.0,0.0,36.0
00:00:01:511,-2.2973217317416195,-3.210571199383075,0.0,0.0,0.0,36.0
00:00:01:521,-2.2770836202821974,-3.22495655035582,0.0,0.0,0.0,36.0
00:00:01:531,-2.256755433400262,-3.2392143305528247,0.0,0.0,0.0,36.0
00:00:01:541,-2.236337975225272,-3.253343975973909,0.0,0.0,0.0,36.0
00:00:01:551,-2.2158320534180245,-3.2673449276875632,0.0,0.0,0.0,36.0
00:00:01:561,-2.1952384791387054,-3.281216631853065,0.0,0.0,0.0,36.0
00:00:01:571,-2.1745580670148,-3.2949585397423813,0.0,0.0,0.0,36.0
00:00:01:581,-2.1537916351088704,-3.308570107761878,0.0,0.0,0.0,36.0
00:00:01:591,-2.132940004886193,-3.3220507974738247,0.0,0.0,0.0,36.0
00:00:01:601,-2.1120040011822674,-3.335400075617688,0.0,0.0,0.0,36.0
00:00:01:611,-2.090984452170183,-3.3486174141312333,0.0,0.0,0.0,36.0
00:00:01:621,-2.069882189327864,-3.361702290171406,0.0,0.0,0.0,36.0
00:00:01:631,-2.0486980474051726,-3.3746541861350208,0.0,0.0,0.0,36.0
00:00:01:641,-2.0274328643908937,-3.387472589679232,0.0,0.0,0.0,36.0
00:00:01:651,-2.0060874814795833,-3.400156993741802,0.0,0.0,0.0,36.0
00:00:01:661,-1.984662743038293,-3.4127068965611604,0.0,0.0,0.0,36.0
00:00:01:671,-1.9631594965731707,-3.4251218016962497,0.0,0.0,0.0,36.0
00:00:01:681,-1.941578592695936,-3.437401218046164,0.0,0.0,0.0,36.0
00:00:01:691,-1.9199208850902283,-3.4495446598695807,0.0,0.0,0.0,36.0
00:00:01:701,-1.8981872304778415,-3.461551646803966,0.0,0.0,0.0,36.0
00:00:01:711,-1.8763784885848322,-3.4734217038845836,0.0,0.0,0.0,36.0
00:00:01:721,-1.8544955221075126,-3.4851543615632825,0.0,0.0,0.0,36.0
00:00:01:731,-1.8325391966783218,-3.4967491557270667,0.0,0.0,0.0,36.0
00:00:01:741,-1.8105103808315888,-3.50820562771646,0.0,0.0,0.0,36.0
00:00:01:751,-1.7884099459691696,-3.5195233243436443,0.0,0.0,0.0,36.0
00:00:01:761,-1.7662387663259802,-3.5307017979103903,0.0,0.0,0.0,36.0
00:00:01:771,-1.7439977189354139,-3.5417406062257664,0.0,0.0,0.0,36.0
00:00:01:781,-1.7216876835946477,-3.5526393126236275,0.0,0.0,0.0,36.0
00:00:01:791,-1.69930954282984,-3.5633974859798934,0.0,0.0,0.0,36.0
00:00:01:801,-1.676864181861219,-3.5740147007295997,0.0,0.0,0.0,36.0
00:00:01:811,-1.6543524885680703,-3.584490536883731,0.0,0.0,0.0,36.0
00:00:01:821,-1.6317753534536072,-3.5948245800458385,0.0,0.0,0.0,36.0
00:00:01:831,-1.6091336696097513,-3.6050164214284295,0.0,0.0,0.0,36.0
00:00:01:841,-1.586428332681801,-3.6150656578691382,0.0,0.0,0.0,36.0
00:00:01:851,-1.5636602408330027,-3.624971891846675,0.0,0.0,0.0,36.0
00:00:01:861,-1.540830294709022,-3.63473473149655,0.0,0.0,0.0,36.0
00:00:01:871,-1.517939397402316,-3.644353790626574,0.0,0.0,0.0,36.0
00:00:01:881,-1.4949884544164123,-3.653828688732138,0.0,0.0,0.0,36.0
00:00:01:891,-1.4719783736300844,-3.6631590510112604,0.0,0.0,0.0,36.0
00:00:01:901,-1.448910065261442,-3.6723445083794184,0.0,0.0,0.0,36.0
00:00:01:911,-1.4257844418319248,-3.681384697484143,0.0,0.0,0.0,36.0
00:00:01:921,-1.4026024181302046,-3.6902792607193957,0.0,0.0,0.0,36.0
00:00:01:931,-1.379364911176,-3.6990278462397135,0.0,0.0,0.0,36.0
00:00:01:941,-1.3560728401837994,-3.7076301079741265,0.0,0.0,0.0,36.0
00:00:01:951,-1.3327271265265028,-3.716085705639847,0.0,0.0,0.0,36.0
00:00:01:961,-1.309328693698971,-3.724394304755733,0.0,0.0,0.0,36.0
00:00:01:971,-1.2858784672814958,-3.732555576655515,0.0,0.0,0.0,36.0
00:00:01:981,-1.2623773749031877,-3.7405691985008014,0.0,0.0,0.0,36.0
00:00:01:991,-1.2388263462052804,-3.7484348532938467,0.0,0.0,0.0,36.0
00:00:02:002,-1.2152263128043554,-3.756152229890094,0.0,0.0,0.0,36.0
00:00:02:012,-1.191578208255494,-3.763721023010475,0.0,0.0,0.0,36.0
00:00:02:022,-1.1678829680153422,-3.7711409332534984,0.0,0.0,0.0,36.0
00:00:02:032,-1.1441415294051107,-3.7784116671070826,0.0,0.0,0.0,36.0
00:00:02:042,-1.120354831573497,-3.785532936960173,0.0,0.0,0.0,36.0
00:00:02:052,-1.0965238154595327,-3.7925044611141145,0.0,0.0,0.0,36.0
00:00:02:062,-1.0726494237553639,-3.799325963793799,0.0,0.0,0.0,36.0
00:00:02:072,-1.048732600868961,-3.8059971751585704,0.0,0.0,0.0,36.0
00:00:02:082,-1.02477429288676,-3.8125178313129022,0.0,0.0,0.0,36.0
00:00:02:092,-1.0007754475362378,-3.8188876743168336,0.0,0.0,0.0,36.0
00:00:02:102,-0.976737014148422,-3.8251064521961764,0.0,0.0,0.0,36.0
00:00:02:112,-0.9526599436203406,-3.8311739189524774,0.0,0.0,0.0,36.0
00:00:02:122,-0.9285451883774031,-3.8370898345727547,0.0,0.0,0.0,36.0
00:00:02:132,-0.9043937023357274,-3.8428539650389877,0.0,0.0,0.0,36.0
00:00:02:142,-0.8802064408644048,-3.8484660823373784,0.0,0.0,0.0,36.0
00:00:02:152,-0.8559843607477087,-3.8539259644673676,0.0,0.0,0.0,36.0
00:00:02:162,-0.8317284201472451,-3.859233395450418,0.0,0.0,0.0,36.0
00:00:02:172,-0.8074395785640539,-3.8643881653385566,0.0,0.0,0.0,36.0
00:00:02:182,-0.7831187968006488,-3.8693900702226824,0.0,0.0,0.0,36.0
00:00:02:192,-0.7587670369230135,-3.87423891224063,0.0,0.0,0.0,36.0
00:00:02:202,-0.7343852622225444,-3.8789344995849975,0.0,0.0,0.0,36.0
00:00:02:212,-0.7099744371779448,-3.8834766465107333,0.0,0.0,0.0,36.0
00:00:02:222,-0.6855355274170734,-3.887865173342484,0.0,0.0,0.0,36.0
00:00:02:232,-0.6610694996787448,-3.892099906481703,0.0,0.0,0.0,36.0
00:00:02:242,-0.6365773217744923,-3.8961806784135153,0.0,0.0,0.0,36.0
00:00:02:252,-0.6120599625502782,-3.9001073277133465,0.0,0.0,0.0,36.0
00:00:02:262,-0.587518391848172,-3.903879699053305,0.0,0.0,0.0,36.0
00:00:02:272,-0.5629535804679857,-3.9074976432083313,0.0,0.0,0.0,36.0
00:00:02:282,-0.538366500128871,-3.9109610170620948,0.0,0.0,0.0,36.0
00:00:02:292,-0.5137581234308809,-3.9142696836126616,0.0,0.0,0.0,36.0
00:00:02:302,-0.48912942381649543,-3.917423511977908,0.0,0.0,0.0,36.0
00:00:02:312,-0.46448137553211827,-3.9204223774007025,0.0,0.0,0.0,36.0
00:00:02:322,-0.43981495358953265,-3.9232661612538373,0.0,0.0,0.0,36.0
00:00:02:332,-0.4151311337273363,-3.925954751044724,0.0,0.0,0.0,36.0
00:00:02:342,-0.3904308923723426,-3.9284880404198415,0.0,0.0,0.0,36.0
00:00:02:352,-0.365715206600956,-3.9308659291689416,0.0,0.0,0.0,36.0
00:00:02:362,-0.3409850541005213,-3.933088323229019,0.0,0.0,0.0,36.0
00:00:02:372,-0.31624141313064813,-3.935155134688024,0.0,0.0,0.0,36.0
00:00:02:382,-0.2914852624845169,-3.937066281788347,0.0,0.0,0.0,36.0
00:00:02:392,-0.26671758145015523,-3.93882168893005,0.0,0.0,0.0,36.0
00:00:02:402,-0.2419393497717034,-3.940421286673855,0.0,0.0,0.0,36.0
00:00:02:412,-0.21715154761065733,-3.941865011743894,0.0,0.0,0.0,36.0
00:00:02:422,-0.19235515550709598,-3.943152807030211,0.0,0.0,0.0,36.0
00:00:02:432,-0.16755115434089296,-3.9442846215910214,0.0,0.0,0.0,36.0
00:00:02:442,-0.1427405252929189,-3.9452604106547255,0.0,0.0,0.0,36.0
00:00:02:452,-0.11792424980622332,-3.946080135621682,0.0,0.0,0.0,36.0
00:00:02:462,-0.09310330954721487,-3.946743764065733,0.0,0.0,0.0,36.0
00:00:02:472,-0.06827868636682828,-3.9472512697354865,0.0,0.0,0.0,36.0
00:00:02:482,-0.04345136226168494,-3.947602632555358,0.0,0.0,0.0,36.0
00:00:02:492,-0.0186223193352477,-3.9477978386263604,0.0,0.0,0.0,36.0
00:00:02:502,0.006207460241029442,-3.9478368802266566,0.0,0.0,0.0,36.0
00:00:02:512,0.03103699426654992,-3.9477197558118644,0.0,0.0,0.0,36.0
00:00:02:522,0.055865300550433136,-3.9474464700151164,0.0,0.0,0.0,36.0
00:00:02:532,0.08069139695036386,-3.947017033646877,0.0,0.0,0.0,36.0
00:00:02:542,0.105514301411444,-3.9464314636945175,0.0,0.0,0.0,36.0
00:00:02:552,0.1303330320050402,-3.9456897833216393,0.0,0.0,0.0,36.0
00:00:02:562,0.15514660696762625,-3.9447920218671637,0.0,0.0,0.0,36.0
00:00:02:572,0.17995404473961998,-3.9437382148441653,0.0,0.0,0.0,36.0
00:00:02:582,0.2047543640042077,-3.942528403938471,0.0,0.0,0.0,36.0
00:00:02:592,0.22954658372616776,-3.941162637007008,0.0,0.0,0.0,36.0
00:00:02:602,0.2543297231906741,-3.9396409680759166,0.0,0.0,0.0,36.0
00:00:02:612,0.2791028020420917,-3.9379634573384044,0.0,0.0,0.0,36.0
00:00:02:622,0.30386484032275685,-3.936130171152373,0.0,0.0,0.0,36.0
00:00:02:632,0.32861485851174177,-3.934141182037789,0.0,0.0,0.0,36.0
00:00:02:642,0.3533518775636027,-3.931996568673816,0.0,0.0,0.0,36.0
00:00:02:652,0.37807491894710477,-3.9296964158957017,0.0,0.0,0.0,36.0
00:00:02:662,0.40278300468393535,-3.927240814691425,0.0,0.0,0.0,36.0
00:00:02:672,0.4274751573873871,-3.9246298621980915,0.0,0.0,0.0,36.0
00:00:02:682,0.4521504003010212,-3.9218636616980977,0.0,0.0,0.0,36.0
00:00:02:692,0.4768077573373058,-3.9189423226150386,0.0,0.0,0.0,36.0
00:00:02:702,0.5014462531162268,-3.915865960509384,0.0,0.0,0.0,36.0
00:00:02:712,0.5260649130038731,-3.912634697073906,0.0,0.0,0.0,36.0
00:00:02:722,0.5506627631509861,-3.909248660128862,0.0,0.0,0.0,36.0
00:00:02:732,0.5752388305314882,-3.905707983616946,0.0,0.0,0.0,36.0
00:00:02:742,0.5997921429809702,-3.9020128075979814,0.0,0.0,0.0,36.0
00:00:02:752,0.6243217292351476,-3.898163278243386,0.0,0.0,0.0,36.0
00:00:02:762,0.6488266189682816,-3.8941595478303888,0.0,0.0,0.0,36.0
00:00:02:772,0.6733058428315637,-3.890001774736005,0.0,0.0,0.0,36.0
00:00:02:782,0.6977584324914569,-3.8856901234307726,0.0,0.0,0.0,36.0
00:00:02:792,0.7221834206680052,-3.8812247644722473,0.0,0.0,0.0,36.0
00:00:02:802,0.7465798411730945,-3.876605874498251,0.0,0.0,0.0,36.0
00:00:02:812,0.7709467289486716,-3.87183363621989,0.0,0.0,0.0,36.0
00:00:02:822,0.7952831201049205,-3.8669082384143247,0.0,0.0,0.0,36.0
00:00:02:832,0.8195880519583911,-3.861829875917302,0.0,0.0,0.0,36.0
00:00:02:842,0.8438605630700813,-3.8565987496154484,0.0,0.0,0.0,36.0
00:00:02:852,0.868099693283465,-3.8512150664383245,0.0,0.0,0.0,36.0
00:00:02:862,0.8923044837624794,-3.8456790393502374,0.0,0.0,0.0,36.0
00:00:02:872,0.9164739770294503,-3.8399908873418194,0.0,0.0,0.0,36.0
00:00:02:882,0.9406072170029676,-3.834150835421362,0.0,0.0,0.0,36.0
00:00:02:892,0.9647032490357063,-3.8281591146059153,0.0,0.0,0.0,36.0
00:00:02:902,0.9887611199521891,-3.822015961912154,0.0,0.0,0.0,36.0
00:00:02:912,1.012779878086493,-3.815721620346996,0.0,0.0,0.0,36.0
00:00:02:922,1.0367585733198905,-3.8092763388979933,0.0,0.0,0.0,36.0
00:00:02:932,1.0606962571184397,-3.802680372523482,0.0,0.0,0.0,36.0
00:00:02:942,1.0845919825705024,-3.795933982142495,0.0,0.0,0.0,36.0
00:00:02:952,1.1084448044242012,-3.789037434624444,0.0,0.0,0.0,36.0
00:00:02:962,1.1322537791248117,-3.7819910027785597,0.0,0.0,0.0,36.0
00:00:02:972,1.1560179648520887,-3.774794965343102,0.0,0.0,0.0,36.0
00:00:02:982,1.17973642155752,-3.767449606974332,0.0,0.0,0.0,36.0
00:00:02:992,1.2034082110015107,-3.7599552182352567,0.0,0.0,0.0,36.0
00:00:03:003,1.227032396790503,-3.752312095584127,0.0,0.0,0.0,36.0
00:00:03:013,1.2506080444140122,-3.744520541362719,0.0,0.0,0.0,36.0
00:00:03:023,1.274134221281596,-3.7365808637843676,0.0,0.0,0.0,36.0
00:00:03:033,1.297609996759745,-3.728493376921778,0.0,0.0,0.0,36.0
00:00:03:043,1.3210344422086961,-3.720258400694601,0.0,0.0,0.0,36.0
00:00:03:053,1.3444066310191647,-3.7118762608567772,0.0,0.0,0.0,36.0
00:00:03:063,1.3677256386490033,-3.7033472889836525,0.0,0.0,0.0,36.0
00:00:03:073,1.3909905426597704,-3.6946718224588593,0.0,0.0,0.0,36.0
00:00:03:083,1.4142004227532219,-3.685850204460973,0.0,0.0,0.0,36.0
00:00:03:093,1.437354360807714,-3.676882783949937,0.0,0.0,0.0,36.0
00:00:03:103,1.4604514409145228,-3.6677699156532544,0.0,0.0,0.0,36.0
00:00:03:113,1.4834907494140757,-3.658511960051962,0.0,0.0,0.0,36.0
00:00:03:123,1.5064713749320897,-3.6491092833663674,0.0,0.0,0.0,36.0
00:00:03:133,1.5293924084156285,-3.6395622575415616,0.0,0.0,0.0,36.0
00:00:03:143,1.5522529431690588,-3.629871260232707,0.0,0.0,0.0,36.0
00:00:03:153,1.575052074889917,-3.6200366747900983,0.0,0.0,0.0,36.0
00:00:03:163,1.5977889017046825,-3.610058890243999,0.0,0.0,0.0,36.0
00:00:03:173,1.6204625242044512,-3.599938301289249,0.0,0.0,0.0,36.0
00:00:03:183,1.6430720454805168,-3.589675308269657,0.0,0.0,0.0,36.0
00:00:03:193,1.6656165711598456,-3.5792703171621594,0.0,0.0,0.0,36.0
00:00:03:203,1.6880952094404609,-3.5687237395607623,0.0,0.0,0.0,36.0
00:00:03:213,1.7105070711267176,-3.55803599266026,0.0,0.0,0.0,36.0
00:00:03:223,1.7328512696644733,-3.547207499239734,0.0,0.0,0.0,36.0
00:00:03:233,1.7551269211761649,-3.5362386876458243,0.0,0.0,0.0,36.0
00:00:03:243,1.7773331444957676,-3.525129991775789,0.0,0.0,0.0,36.0
00:00:03:253,1.7994690612036532,-3.5138818510603382,0.0,0.0,0.0,36.0
00:00:03:263,1.8215337956613369,-3.502494710446254,0.0,0.0,0.0,36.0
00:00:03:273,1.8435264750461164,-3.490969020378787,0.0,0.0,0.0,36.0
00:00:03:283,1.865446229385598,-3.4793052367838384,0.0,0.0,0.0,36.0
00:00:03:293,1.8872921915921108,-3.4675038210499256,0.0,0.0,0.0,36.0
00:00:03:303,1.9090634974970047,-3.455565240009931,0.0,0.0,0.0,36.0
00:00:03:313,1.9307592858848384,-3.4434899659226326,0.0,0.0,0.0,36.0
00:00:03:323,1.9523786985274423,-3.4312784764540285,0.0,0.0,0.0,36.0
00:00:03:333,1.973920880217872,-3.418931254658433,0.0,0.0,0.0,36.0
00:00:03:343,1.9953849788042315,-3.4064487889593793,0.0,0.0,0.0,36.0
00:00:03:353,2.0167701452233913,-3.3938315731302886,0.0,0.0,0.0,36.0
00:00:03:363,2.038075533534568,-3.3810801062749425,0.0,0.0,0.0,36.0
00:00:03:373,2.0593003009527897,-3.368194892807739,0.0,0.0,0.0,36.0
00:00:03:383,2.0804436078822364,-3.3551764424337405,0.0,0.0,0.0,36.0
00:00:03:393,2.1015046179494465,-3.34202527012851,0.0,0.0,0.0,36.0
00:00:03:403,2.122482498036409,-3.3287418961177377,0.0,0.0,0.0,36.0
00:00:03:413,2.143376418313513,-3.315326845856668,0.0,0.0,0.0,36.0
00:00:03:423,2.1641855522723783,-3.3017806500093076,0.0,0.0,0.0,36.0
00:00:03:433,2.184909076758546,-3.288103844427439,0.0,0.0,0.0,36.0
00:00:03:443,2.205546172004043,-3.27429697012942,0.0,0.0,0.0,36.0
00:00:03:453,2.2260960216598087,-3.2603605732787835,0.0,0.0,0.0,36.0
00:00:03:463,2.2465578128279904,-3.246295205162633,0.0,0.0,0.0,36.0
00:00:03:473,2.266930736094092,-3.232101422169838,0.0,0.0,0.0,36.0
00:00:03:483,2.287213985559,-3.217779785769017,0.0,0.0,0.0,36.0
00:00:03:493,2.3074067588708616,-3.203330862486336,0.0,0.0,0.0,36.0
00:00:03:503,2.327508257256819,-3.1887552238830925,0.0,0.0,0.0,36.0
00:00:03:513,2.347517685554612,-3.1740534465331085,0.0,0.0,0.0,36.0
00:00:03:523,2.367434252244029,-3.1592261119999216,0.0,0.0,0.0,36.0
00:00:03:533,2.387257169478219,-3.1442738068137817,0.0,0.0,0.0,36.0
00:00:03:543,2.4069856531148566,-3.1291971224484465,0.0,0.0,0.0,36.0
00:00:03:553,2.42661892274716,-3.1139966552977865,0.0,0.0,0.0,36.0
00:00:03:563,2.446156201734763,-3.0986730066521937,0.0,0.0,0.0,36.0
00:00:03:573,2.465596717234436,-3.083226782674794,0.0,0.0,0.0,36.0
00:00:03:583,2.4849397002306572,-3.0676585943774706,0.0,0.0,0.0,36.0
00:00:03:593,2.504184385566034,-3.051969057596694,0.0,0.0,0.0,36.0
00:00:03:603,2.523330011971572,-3.0361587929691582,0.0,0.0,0.0,36.0
00:00:03:613,2.54237582209678,-3.020228425907238,0.0,0.0,0.0,36.0
00:00:03:623,2.5613210625396428,-3.004178586574237,0.0,0.0,0.0,36.0
00:00:03:633,2.580164983876415,-2.988009909859472,0.0,0.0,0.0,36.0
00:00:03:643,2.5989068406912645,-2.97172303535315,0.0,0.0,0.0,36.0
00:00:03:653,2.6175458916057663,-2.955318607321072,0.0,0.0,0.0,36.0
00:00:03:663,2.6360813993082246,-2.938797274679147,0.0,0.0,0.0,36.0
00:00:03:673,2.654512630582839,-2.9221596909677214,0.0,0.0,0.0,36.0
00:00:03:683,2.6728388563387093,-2.9054065143257266,0.0,0.0,0.0,36.0
00:00:03:693,2.6910593516386796,-2.888538407464647,0.0,0.0,0.0,36.0
00:00:03:703,2.709173395728008,-2.871556037642303,0.0,0.0,0.0,36.0
00:00:03:713,2.7271802720628853,-2.854460076636455,0.0,0.0,0.0,36.0
00:00:03:723,2.7450792683387735,-2.837251200718233,0.0,0.0,0.0,36.0
00:00:03:733,2.762869676518587,-2.8199300906253804,0.0,0.0,0.0,36.0
00:00:03:743,2.780550792860697,-2.802497431535333,0.0,0.0,0.0,36.0
00:00:03:753,2.7981219179467725,-2.784953913038107,0.0,0.0,0.0,36.0
00:00:03:763,2.815582356709447,-2.7673002291090256,0.0,0.0,0.0,36.0
00:00:03:773,2.832931418459813,-2.749537078081265,0.0,0.0,0.0,36.0
00:00:03:783,2.8501684169147423,-2.7316651626182336,0.0,0.0,0.0,36.0
00:00:03:793,2.8672926702240384,-2.71368518968577,0.0,0.0,0.0,36.0
00:00:03:803,2.8843035009974014,-2.6955978705241854,0.0,0.0,0.0,36.0
00:00:03:813,2.9012002363312304,-2.6774039206201223,0.0,0.0,0.0,36.0
00:00:03:823,2.917982207835238,-2.6591040596782554,0.0,0.0,0.0,36.0
00:00:03:833,2.934648751658893,-2.6406990115928193,0.0,0.0,0.0,36.0
00:00:03:843,2.951199208517676,-2.622189504418975,0.0,0.0,0.0,36.0
00:00:03:853,2.9676329237191648,-2.6035762703440115,0.0,0.0,0.0,36.0
00:00:03:863,2.983949247188926,-2.584860045658378,0.0,0.0,0.0,36.0
00:00:03:873,3.000147533496238,-2.5660415707265596,0.0,0.0,0.0,36.0
00:00:03:883,3.0162271418796123,-2.547121589957797,0.0,0.0,0.0,36.0
00:00:03:893,3.03218743627215,-2.528100851776629,0.0,0.0,0.0,36.0
00:00:03:903,3.0480277853266986,-2.508980108593293,0.0,0.0,0.0,36.0
00:00:03:913,3.0637475624408257,-2.489760116773961,0.0,0.0,0.0,36.0
00:00:03:923,3.079346145781608,-2.4704416366108197,0.0,0.0,0.0,36.0
00:00:03:933,3.0948229183102276,-2.4510254322919938,0.0,0.0,0.0,36.0
00:00:03:943,3.1101772678063813,-2.431512271871319,0.0,0.0,0.0,36.0
00:00:03:953,3.1254085868924975,-2.4119029272379584,0.0,0.0,0.0,36.0
00:00:03:963,3.1405162730577643,-2.3921981740858675,0.0,0.0,0.0,36.0
00:00:03:973,3.1554997286819613,-2.3723987918831133,0.0,0.0,0.0,36.0
00:00:03:983,3.1703583610591015,-2.3525055638410377,0.0,0.0,0.0,36.0
00:00:03:993,3.1850915824208745,-2.3325192768832754,0.0,0.0,0.0,36.0
00:00:04:004,3.199698809959902,-2.3124407216146268,0.0,0.0,0.0,36.0
00:00:04:014,3.214179465852785,-2.2922706922897857,0.0,0.0,0.0,36.0
00:00:04:024,3.228532977282968,-2.2720099867819163,0.0,0.0,0.0,36.0
00:00:04:034,3.242758776463394,-2.2516594065510924,0.0,0.0,0.0,36.0
00:00:04:044,3.256856300658967,-2.231219756612597,0.0,0.0,0.0,36.0
00:00:04:054,3.2708249922088104,-2.210691845505072,0.0,0.0,0.0,36.0
00:00:04:064,3.284664298548326,-2.1900764852585453,0.0,0.0,0.0,36.0
00:00:04:074,3.2983736722310537,-2.1693744913622957,0.0,0.0,0.0,36.0
00:00:04:084,3.311952570950328,-2.148586682732604,0.0,0.0,0.0,36.0
00:00:04:094,3.3254004575607294,-2.1277138816803536,0.0,0.0,0.0,36.0
00:00:04:104,3.338716800099329,-2.1067569138785056,0.0,0.0,0.0,36.0
00:00:04:114,3.3519010718067364,-2.0857166083294345,0.0,0.0,0.0,36.0
00:00:04:124,3.364952751147935,-2.0645937973321367,0.0,0.0,0.0,36.0
00:00:04:134,3.3778713218329113,-2.043389316449307,0.0,0.0,0.0,36.0
00:00:04:144,3.390656272837081,-2.0221040044742855,0.0,0.0,0.0,36.0
00:00:04:154,3.4033070984215006,-2.000738703397876,0.0,0.0,0.0,36.0
00:00:04:164,3.4158232981528744,-1.9792942583750415,0.0,0.0,0.0,36.0
00:00:04:174,3.4282043769233512,-1.95777151769147,0.0,0.0,0.0,36.0
00:00:04:184,3.440449844970108,-1.9361713327300198,0.0,0.0,0.0,36.0
00:00:04:194,3.452559217894727,-1.9144945579370387,0.0,0.0,0.0,36.0
00:00:04:204,3.4645320166823486,-1.8927420507885708,0.0,0.0,0.0,36.0
00:00:04:214,3.476367767720631,-1.8709146717564282,0.0,0.0,0.0,36.0
00:00:04:224,3.4880660028184782,-1.8490132842741587,0.0,0.0,0.0,36.0
00:00:04:234,3.4996262592245624,-1.827038754702889,0.0,0.0,0.0,36.0
00:00:04:244,3.5110480796456285,-1.804991952297054,0.0,0.0,0.0,36.0
00:00:04:254,3.5223310122645843,-1.7828737491700113,0.0,0.0,0.0,36.0
00:00:04:264,3.533474610758373,-1.7606850202595432,0.0,0.0,0.0,36.0
00:00:04:274,3.5444784343156277,-1.7384266432932451,0.0,0.0,0.0,36.0
00:00:04:284,3.55534204765411,-1.7160994987538067,0.0,0.0,0.0,36.0
00:00:04:294,3.566065021037926,-1.6937044698441808,0.0,0.0,0.0,36.0
00:00:04:304,3.5766469302945314,-1.6712424424526473,0.0,0.0,0.0,36.0
00:00:04:314,3.5870873568315025,-1.6487143051177693,0.0,0.0,0.0,36.0
00:00:04:324,3.597385887653102,-1.626120948993243,0.0,0.0,0.0,36.0
00:00:04:334,3.607542115376611,-1.6034632678126532,0.0,0.0,0.0,36.0
00:00:04:344,3.617555638248446,-1.580742157854109,0.0,0.0,0.0,36.0
00:00:04:354,3.627426060160052,-1.5579585179047966,0.0,0.0,0.0,36.0
00:00:04:364,3.63715299066357,-1.5351132492254234,0.0,0.0,0.0,36.0
00:00:04:374,3.646736044987282,-1.512207255514567,0.0,0.0,0.0,36.0
00:00:04:384,3.656174844050835,-1.4892414428729273,0.0,0.0,0.0,36.0
00:00:04:394,3.66546901448023,-1.466216719767483,0.0,0.0,0.0,36.0
00:00:04:404,3.6746181886225973,-1.4431339969955557,0.0,0.0,0.0,36.0
00:00:04:414,3.6836220045607377,-1.4199941876487803,0.0,0.0,0.0,36.0
00:00:04:424,3.692480106127439,-1.3967982070769867,0.0,0.0,0.0,36.0
00:00:04:434,3.701192142919565,-1.37354697285199,0.0,0.0,0.0,36.0
00:00:04:444,3.7097577703119176,-1.350241404731294,0.0,0.0,0.0,36.0
00:00:04:454,3.7181766494708675,-1.3268824246217084,0.0,0.0,0.0,36.0
00:00:04:464,3.7264484473677593,-1.3034709565428781,0.0,0.0,0.0,36.0
00:00:04:474,3.734572836792083,-1.2800079265907394,0.0,0.0,0.0,36.0
00:00:04:484,3.74254949636442,-1.2564942629008748,0.0,0.0,0.0,36.0
00:00:04:494,3.7503781105491565,-1.232930895611806,0.0,0.0,0.0,36.0
00:00:04:504,3.7580583696669607,-1.209318756828197,0.0,0.0,0.0,36.0
00:00:04:514,3.765589969907038,-1.1856587805839847,0.0,0.0,0.0,36.0
00:00:04:524,3.7729726133391472,-1.1619519028054295,0.0,0.0,0.0,36.0
00:00:04:534,3.780206007925384,-1.1381990612740922,0.0,0.0,0.0,36.0
00:00:04:544,3.7872898675317357,-1.114401195589739,0.0,0.0,0.0,36.0
00:00:04:554,3.7942239119393992,-1.0905592471331724,0.0,0.0,0.0,36.0
00:00:04:564,3.801007866855866,-1.066674159028994,0.0,0.0,0.0,36.0
00:00:04:574,3.8076414639257705,-1.042746876108295,0.0,0.0,0.0,36.0
00:00:04:584,3.8141244407415082,-1.0187783448712828,0.0,0.0,0.0,36.0
00:00:04:594,3.820456540853615,-0.9947695134498377,0.0,0.0,0.0,36.0
00:00:04:604,3.8266375137809083,-0.9707213315700141,0.0,0.0,0.0,36.0
00:00:04:614,3.8326671150204024,-0.9466347505144613,0.0,0.0,0.0,36.0
00:00:04:624,3.8385451060569746,-0.9225107230848012,0.0,0.0,0.0,36.0
00:00:04:634,3.844271254372801,-0.8983502035639345,0.0,0.0,0.0,36.0
00:00:04:644,3.849845333456557,-0.8741541476782937,0.0,0.0,0.0,36.0
00:00:04:654,3.8552671228123745,-0.8499235125600356,0.0,0.0,0.0,36.0
00:00:04:664,3.860536407968566,-0.8256592567091804,0.0,0.0,0.0,36.0
00:00:04:674,3.865652980486107,-0.8013623399556957,0.0,0.0,0.0,36.0
00:00:04:684,3.870616637966884,-0.7770337234215288,0.0,0.0,0.0,36.0
00:00:04:694,3.875427184061698,-0.7526743694825859,0.0,0.0,0.0,36.0
00:00:04:704,3.8800844284780323,-0.7282852417306644,0.0,0.0,0.0,36.0
00:00:04:714,3.88458818698758,-0.7038673049353352,0.0,0.0,0.0,36.0
00:00:04:724,3.8889382814335343,-0.6794215250057789,0.0,0.0,0.0,36.0
00:00:04:734,3.89313453973763,-0.6549488689525752,0.0,0.0,0.0,36.0
00:00:04:744,3.8971767959069568,-0.6304503048494576,0.0,0.0,0.0,36.0
00:00:04:754,3.9010648900405207,-0.6059268017950087,0.0,0.0,0.0,36.0
00:00:04:764,3.904798668335572,-0.5813793298743318,0.0,0.0,0.0,36.0
00:00:04:774,3.90837798309369,-0.5568088601206755,0.0,0.0,0.0,36.0
00:00:04:784,3.9118026927266216,-0.5322163644770218,0.0,0.0,0.0,36.0
00:00:04:794,3.915072661761886,-0.507602815757639,0.0,0.0,0.0,36.0
00:00:04:804,3.9181877608481326,-0.4829691876095996,0.0,0.0,0.0,36.0
00:00:04:814,3.921147866760258,-0.45831645447426506,0.0,0.0,0.0,36.0
00:00:04:824,3.923952862404278,-0.43364559154873994,0.0,0.0,0.0,36.0
00:00:04:834,3.9266026368219635,-0.40895757474729555,0.0,0.0,0.0,36.0
00:00:04:844,3.9290970851952256,-0.38425338066276515,0.0,0.0,0.0,36.0
00:00:04:854,3.9314361088502676,-0.35953398652791274,0.0,0.0,0.0,36.0
00:00:04:864,3.93361961526148,-0.3348003701767744,0.0,0.0,0.0,36.0
00:00:04:874,3.9356475180551107,-0.3100535100059849,0.0,0.0,0.0,36.0
00:00:04:884,3.937519737012672,-0.2852943849360643,0.0,0.0,0.0,36.0
00:00:04:894,3.939236198074119,-0.26052397437270153,0.0,0.0,0.0,36.0
00:00:04:904,3.9407968333407797,-0.23574325816800976,0.0,0.0,0.0,36.0
00:00:04:914,3.9422015810780393,-0.2109532165817662,0.0,0.0,0.0,36.0
00:00:04:924,3.9434503857177825,-0.18615483024263565,0.0,0.0,0.0,36.0
00:00:04:934,3.94454319786059,-0.1613490801093792,0.0,0.0,0.0,36.0
00:00:04:944,3.9454799742776965,-0.13653694743205028,0.0,0.0,0.0,36.0
00:00:04:954,3.9462606779126967,-0.11171941371317891,0.0,0.0,0.0,36.0
00:00:04:964,3.946885277883015,-0.08689746066894612,0.0,0.0,0.0,36.0
00:00:04:974,3.9473537494811226,-0.062072070190349694,0.0,0.0,0.0,36.0
00:00:04:984,3.9476660741755194,-0.03724422430436335,0.0,0.0,0.0,36.0
00:00:04:994,3.947822239611464,-0.012414905135090184,0.0,0.0,0.0,36.0
00:00:05:005,3.9478222396114635,0.012414905135089218,0.0,0.0,0.0,36.0
00:00:05:015,3.9476660741755194,0.037244224304362375,0.0,0.0,0.0,36.0
00:00:05:025,3.9473537494811226,0.06207207019034874,0.0,0.0,0.0,36.0
00:00:05:035,3.9468852778830144,0.08689746066894516,0.0,0.0,0.0,36.0
00:00:05:045,3.9462606779126967,0.11171941371317795,0.0,0.0,0.0,36.0
00:00:05:055,3.9454799742776965,0.1365369474320493,0.0,0.0,0.0,36.0
00:00:05:065,3.94454319786059,0.1613490801093782,0.0,0.0,0.0,36.0
00:00:05:075,3.943450385717782,0.18615483024263466,0.0,0.0,0.0,36.0
00:00:05:085,3.9422015810780398,0.21095321658176522,0.0,0.0,0.0,36.0
00:00:05:095,3.94079683334078,0.23574325816800876,0.0,0.0,0.0,36.0
00:00:05:105,3.9392361980741186,0.26052397437270053,0.0,0.0,0.0,36.0
00:00:05:115,3.9375197370126718,0.28529438493606335,0.0,0.0,0.0,36.0
00:00:05:125,3.9356475180551107,0.3100535100059839,0.0,0.0,0.0,36.0
00:00:05:135,3.9336196152614806,0.3348003701767734,0.0,0.0,0.0,36.0
00:00:05:145,3.9314361088502676,0.35953398652791174,0.0,0.0,0.0,36.0
00:00:05:155,3.929097085195226,0.38425338066276415,0.0,0.0,0.0,36.0
00:00:05:165,3.9266026368219635,0.40895757474729455,0.0,0.0,0.0,36.0
00:00:05:175,3.9239528624042777,0.43364559154873894,0.0,0.0,0.0,36.0
00:00:05:185,3.921147866760258,0.45831645447426406,0.0,0.0,0.0,36.0
00:00:05:195,3.9181877608481335,0.4829691876095986,0.0,0.0,0.0,36.0
00:00:05:205,3.9150726617618865,0.5076028157576381,0.0,0.0,0.0,36.0
00:00:05:215,3.9118026927266216,0.5322163644770209,0.0,0.0,0.0,36.0
00:00:05:225,3.9083779830936902,0.5568088601206747,0.0,0.0,0.0,36.0
00:00:05:235,3.904798668335572,0.5813793298743309,0.0,0.0,0.0,36.0
00:00:05:245,3.9010648900405203,0.6059268017950078,0.0,0.0,0.0,36.0
00:00:05:255,3.8971767959069568,0.6304503048494567,0.0,0.0,0.0,36.0
00:00:05:265,3.8931345397376305,0.6549488689525743,0.0,0.0,0.0,36.0
00:00:05:275,3.8889382814335343,0.679421525005778,0.0,0.0,0.0,36.0
00:00:05:285,3.8845881869875805,0.7038673049353344,0.0,0.0,0.0,36.0
00:00:05:295,3.8800844284780323,0.7282852417306637,0.0,0.0,0.0,36.0
00:00:05:305,3.875427184061698,0.7526743694825851,0.0,0.0,0.0,36.0
00:00:05:315,3.8706166379668843,0.7770337234215279,0.0,0.0,0.0,36.0
00:00:05:325,3.865652980486107,0.801362339955695,0.0,0.0,0.0,36.0
00:00:05:335,3.860536407968566,0.8256592567091795,0.0,0.0,0.0,36.0
00:00:05:345,3.8552671228123745,0.8499235125600347,0.0,0.0,0.0,36.0
00:00:05:355,3.849845333456557,0.8741541476782928,0.0,0.0,0.0,36.0
00:00:05:365,3.844271254372801,0.8983502035639338,0.0,0.0,0.0,36.0
00:00:05:375,3.838545106056975,0.9225107230848003,0.0,0.0,0.0,36.0
00:00:05:385,3.832667115020403,0.9466347505144606,0.0,0.0,0.0,36.0
00:00:05:395,3.8266375137809088,0.9707213315700132,0.0,0.0,0.0,36.0
00:00:05:405,3.820456540853615,0.9947695134498369,0.0,0.0,0.0,36.0
00:00:05:415,3.8141244407415082,1.018778344871282,0.0,0.0,0.0,36.0
00:00:05:425,3.8076414639257705,1.042746876108294,0.0,0.0,0.0,36.0
00:00:05:435,3.801007866855866,1.0666741590289932,0.0,0.0,0.0,36.0
00:00:05:445,3.7942239119393997,1.0905592471331718,0.0,0.0,0.0,36.0
00:00:05:455,3.7872898675317357,1.1144011955897382,0.0,0.0,0.0,36.0
00:00:05:465,3.7802060079253845,1.1381990612740913,0.0,0.0,0.0,36.0
00:00:05:475,3.7729726133391477,1.1619519028054286,0.0,0.0,0.0,36.0
00:00:05:485,3.7655899699070385,1.1856587805839838,0.0,0.0,0.0,36.0
00:00:05:495,3.7580583696669607,1.209318756828196,0.0,0.0,0.0,36.0
00:00:05:505,3.7503781105491565,1.232930895611805,0.0,0.0,0.0,36.0
00:00:05:515,3.7425494963644206,1.2564942629008742,0.0,0.0,0.0,36.0
00:00:05:525,3.734572836792083,1.2800079265907385,0.0,0.0,0.0,36.0
00:00:05:535,3.7264484473677597,1.3034709565428773,0.0,0.0,0.0,36.0
00:00:05:545,3.7181766494708675,1.3268824246217075,0.0,0.0,0.0,36.0
00:00:05:555,3.709757770311918,1.3502414047312932,0.0,0.0,0.0,36.0
00:00:05:565,3.7011921429195653,1.3735469728519891,0.0,0.0,0.0,36.0
00:00:05:575,3.6924801061274395,1.396798207076986,0.0,0.0,0.0,36.0
00:00:05:585,3.6836220045607377,1.4199941876487794,0.0,0.0,0.0,36.0
00:00:05:595,3.6746181886225977,1.4431339969955548,0.0,0.0,0.0,36.0
00:00:05:605,3.6654690144802307,1.4662167197674822,0.0,0.0,0.0,36.0
00:00:05:615,3.6561748440508355,1.4892414428729264,0.0,0.0,0.0,36.0
00:00:05:625,3.6467360449872825,1.5122072555145663,0.0,0.0,0.0,36.0
00:00:05:635,3.63715299066357,1.5351132492254225,0.0,0.0,0.0,36.0
00:00:05:645,3.6274260601600523,1.5579585179047957,0.0,0.0,0.0,36.0
00:00:05:655,3.6175556382484464,1.5807421578541083,0.0,0.0,0.0,36.0
00:00:05:665,3.607542115376611,1.6034632678126524,0.0,0.0,0.0,36.0
00:00:05:675,3.5973858876531026,1.6261209489932422,0.0,0.0,0.0,36.0
00:00:05:685,3.587087356831503,1.6487143051177686,0.0,0.0,0.0,36.0
00:00:05:695,3.576646930294532,1.6712424424526466,0.0,0.0,0.0,36.0
00:00:05:705,3.5660650210379266,1.69370446984418,0.0,0.0,0.0,36.0
00:00:05:715,3.55534204765411,1.7160994987538059,0.0,0.0,0.0,36.0
00:00:05:725,3.544478434315628,1.7384266432932445,0.0,0.0,0.0,36.0
00:00:05:735,3.5334746107583737,1.7606850202595423,0.0,0.0,0.0,36.0
00:00:05:745,3.522331012264585,1.7828737491700106,0.0,0.0,0.0,36.0
00:00:05:755,3.511048079645629,1.8049919522970532,0.0,0.0,0.0,36.0
00:00:05:765,3.499626259224563,1.8270387547028881,0.0,0.0,0.0,36.0
00:00:05:775,3.4880660028184787,1.849013284274158,0.0,0.0,0.0,36.0
00:00:05:785,3.4763677677206313,1.8709146717564276,0.0,0.0,0.0,36.0
00:00:05:795,3.464532016682349,1.89274205078857,0.0,0.0,0.0,36.0
00:00:05:805,3.4525592178947275,1.9144945579370378,0.0,0.0,0.0,36.0
00:00:05:815,3.4404498449701086,1.9361713327300192,0.0,0.0,0.0,36.0
00:00:05:825,3.4282043769233517,1.9577715176914694,0.0,0.0,0.0,36.0
00:00:05:835,3.415823298152875,1.9792942583750406,0.0,0.0,0.0,36.0
00:00:05:845,3.403307098421501,2.000738703397875,0.0,0.0,0.0,36.0
00:00:05:855,3.3906562728370813,2.0221040044742846,0.0,0.0,0.0,36.0
00:00:05:865,3.3778713218329117,2.043389316449306,0.0,0.0,0.0,36.0
00:00:05:875,3.3649527511479356,2.0645937973321358,0.0,0.0,0.0,36.0
00:00:05:885,3.351901071806737,2.0857166083294336,0.0,0.0,0.0,36.0
00:00:05:895,3.3387168000993297,2.1067569138785047,0.0,0.0,0.0,36.0
00:00:05:905,3.32540045756073,2.127713881680353,0.0,0.0,0.0,36.0
00:00:05:915,3.311952570950329,2.1485866827326032,0.0,0.0,0.0,36.0
00:00:05:925,3.298373672231054,2.169374491362295,0.0,0.0,0.0,36.0
00:00:05:935,3.2846642985483263,2.1900764852585444,0.0,0.0,0.0,36.0
00:00:05:945,3.2708249922088113,2.2106918455050715,0.0,0.0,0.0,36.0
00:00:05:955,3.256856300658968,2.231219756612596,0.0,0.0,0.0,36.0
00:00:05:965,3.2427587764633947,2.251659406551092,0.0,0.0,0.0,36.0
00:00:05:975,3.2285329772829683,2.272009986781916,0.0,0.0,0.0,36.0
00:00:05:985,3.214179465852786,2.2922706922897853,0.0,0.0,0.0,36.0
00:00:05:995,3.1996988099599024,2.312440721614626,0.0,0.0,0.0,36.0
00:00:06:006,3.1850915824208763,2.332519276883273,0.0,0.0,0.0,36.0
00:00:06:016,3.1703583610591033,2.3525055638410355,0.0,0.0,0.0,36.0
00:00:06:026,3.155499728681963,2.3723987918831115,0.0,0.0,0.0,36.0
00:00:06:036,3.140516273057766,2.3921981740858653,0.0,0.0,0.0,36.0
00:00:06:046,3.1254085868924992,2.411902927237956,0.0,0.0,0.0,36.0
00:00:06:056,3.110177267806383,2.431512271871317,0.0,0.0,0.0,36.0
00:00:06:066,3.0948229183102294,2.451025432291992,0.0,0.0,0.0,36.0
00:00:06:076,3.0793461457816096,2.4704416366108175,0.0,0.0,0.0,36.0
00:00:06:086,3.063747562440826,2.4897601167739607,0.0,0.0,0.0,36.0
00:00:06:096,3.0480277853266995,2.508980108593292,0.0,0.0,0.0,36.0
00:00:06:106,3.032187436272151,2.528100851776628,0.0,0.0,0.0,36.0
00:00:06:116,3.016227141879613,2.547121589957796,0.0,0.0,0.0,36.0
00:00:06:126,3.0001475334962384,2.5660415707265587,0.0,0.0,0.0,36.0
00:00:06:136,2.9839492471889284,2.5848600456583757,0.0,0.0,0.0,36.0
00:00:06:146,2.967632923719167,2.6035762703440093,0.0,0.0,0.0,36.0
00:00:06:156,2.951199208517678,2.622189504418973,0.0,0.0,0.0,36.0
00:00:06:166,2.934648751658895,2.640699011592817,0.0,0.0,0.0,36.0
00:00:06:176,2.9179822078352404,2.659104059678253,0.0,0.0,0.0,36.0
00:00:06:186,2.9012002363312326,2.6774039206201206,0.0,0.0,0.0,36.0
00:00:06:196,2.884303500997403,2.6955978705241836,0.0,0.0,0.0,36.0
00:00:06:206,2.86729267022404,2.713685189685768,0.0,0.0,0.0,36.0
00:00:06:216,2.8501684169147445,2.7316651626182313,0.0,0.0,0.0,36.0
00:00:06:226,2.8329314184598138,2.7495370780812647,0.0,0.0,0.0,36.0
00:00:06:236,2.8155823567094482,2.767300229109025,0.0,0.0,0.0,36.0
00:00:06:246,2.7981219179467733,2.7849539130381067,0.0,0.0,0.0,36.0
00:00:06:256,2.780550792860698,2.8024974315353326,0.0,0.0,0.0,36.0
00:00:06:266,2.7628696765185885,2.81993009062538,0.0,0.0,0.0,36.0
00:00:06:276,2.7450792683387757,2.837251200718231,0.0,0.0,0.0,36.0
00:00:06:286,2.7271802720628875,2.854460076636453,0.0,0.0,0.0,36.0
00:00:06:296,2.70917339572801,2.871556037642301,0.0,0.0,0.0,36.0
00:00:06:306,2.691059351638682,2.888538407464645,0.0,0.0,0.0,36.0
00:00:06:316,2.6728388563387115,2.905406514325725,0.0,0.0,0.0,36.0
00:00:06:326,2.654512630582841,2.9221596909677197,0.0,0.0,0.0,36.0
00:00:06:336,2.636081399308227,2.9387972746791453,0.0,0.0,0.0,36.0
00:00:06:346,2.6175458916057686,2.9553186073210704,0.0,0.0,0.0,36.0
00:00:06:356,2.5989068406912654,2.9717230353531496,0.0,0.0,0.0,36.0
00:00:06:366,2.580164983876416,2.9880099098594717,0.0,0.0,0.0,36.0
00:00:06:376,2.5613210625396454,3.0041785865742354,0.0,0.0,0.0,36.0
00:00:06:386,2.542375822096781,3.0202284259072374,0.0,0.0,0.0,36.0
00:00:06:396,2.523330011971574,3.036158792969157,0.0,0.0,0.0,36.0
00:00:06:406,2.504184385566037,3.0519690575966925,0.0,0.0,0.0,36.0
00:00:06:416,2.4849397002306586,3.06765859437747,0.0,0.0,0.0,36.0
00:00:06:426,2.4655967172344355,3.0832267826747946,0.0,0.0,0.0,36.0
00:00:06:436,2.4461562017347642,3.0986730066521933,0.0,0.0,0.0,36.0
00:00:06:446,2.4266189227471595,3.113996655297787,0.0,0.0,0.0,36.0
00:00:06:456,2.4069856531148575,3.129197122448446,0.0,0.0,0.0,36.0
00:00:06:466,2.3872571694782185,3.144273806813782,0.0,0.0,0.0,36.0
00:00:06:476,2.3674342522440304,3.159226111999921,0.0,0.0,0.0,36.0
00:00:06:486,2.347517685554612,3.174053446533109,0.0,0.0,0.0,36.0
00:00:06:496,2.32750825725682,3.188755223883092,0.0,0.0,0.0,36.0
00:00:06:506,2.307406758870861,3.203330862486337,0.0,0.0,0.0,36.0
00:00:06:516,2.287213985559001,3.2177797857690167,0.0,0.0,0.0,36.0
00:00:06:526,2.2669307360940913,3.2321014221698383,0.0,0.0,0.0,36.0
00:00:06:536,2.246557812827989,3.246295205162635,0.0,0.0,0.0,36.0
00:00:06:546,2.22609602165981,3.260360573278783,0.0,0.0,0.0,36.0
00:00:06:556,2.2055461720040426,3.2742969701294204,0.0,0.0,0.0,36.0
00:00:06:566,2.184909076758547,3.2881038444274386,0.0,0.0,0.0,36.0
00:00:06:576,2.164185552272378,3.301780650009308,0.0,0.0,0.0,36.0
00:00:06:586,2.143376418313514,3.3153268458566676,0.0,0.0,0.0,36.0
00:00:06:596,2.1224824980364088,3.3287418961177377,0.0,0.0,0.0,36.0
00:00:06:606,2.101504617949448,3.342025270128509,0.0,0.0,0.0,36.0
00:00:06:616,2.080443607882236,3.3551764424337405,0.0,0.0,0.0,36.0
00:00:06:626,2.059300300952791,3.3681948928077383,0.0,0.0,0.0,36.0
00:00:06:636,2.0380755335345677,3.3810801062749425,0.0,0.0,0.0,36.0
00:00:06:646,2.016770145223392,3.3938315731302877,0.0,0.0,0.0,36.0
00:00:06:656,1.995384978804231,3.4064487889593793,0.0,0.0,0.0,36.0
00:00:06:666,1.97392088021787,3.418931254658434,0.0,0.0,0.0,36.0
00:00:06:676,1.9523786985274434,3.431278476454027,0.0,0.0,0.0,36.0
00:00:06:686,1.930759285884838,3.4434899659226326,0.0,0.0,0.0,36.0
00:00:06:696,1.909063497497006,3.4555652400099297,0.0,0.0,0.0,36.0
00:00:06:706,1.88729219159211,3.4675038210499256,0.0,0.0,0.0,36.0
00:00:06:716,1.8654462293855987,3.479305236783837,0.0,0.0,0.0,36.0
00:00:06:726,1.8435264750461158,3.490969020378787,0.0,0.0,0.0,36.0
00:00:06:736,1.8215337956613376,3.502494710446253,0.0,0.0,0.0,36.0
00:00:06:746,1.7994690612036524,3.5138818510603382,0.0,0.0,0.0,36.0
00:00:06:756,1.7773331444957685,3.525129991775788,0.0,0.0,0.0,36.0
00:00:06:766,1.755126921176164,3.5362386876458243,0.0,0.0,0.0,36.0
00:00:06:776,1.732851269664474,3.5472074992397333,0.0,0.0,0.0,36.0
00:00:06:786,1.7105070711267167,3.55803599266026,0.0,0.0,0.0,36.0
00:00:06:796,1.68809520944046,3.5687237395607623,0.0,0.0,0.0,36.0
00:00:06:806,1.6656165711598465,3.5792703171621585,0.0,0.0,0.0,36.0
00:00:06:816,1.643072045480516,3.589675308269657,0.0,0.0,0.0,36.0
00:00:06:826,1.6204625242044528,3.5999383012892476,0.0,0.0,0.0,36.0
00:00:06:836,1.5977889017046825,3.6100588902439985,0.0,0.0,0.0,36.0
00:00:06:846,1.5750520748899188,3.6200366747900974,0.0,0.0,0.0,36.0
00:00:06:856,1.5522529431690588,3.6298712602327066,0.0,0.0,0.0,36.0
00:00:06:866,1.5293924084156303,3.6395622575415607,0.0,0.0,0.0,36.0
00:00:06:876,1.5064713749320897,3.6491092833663674,0.0,0.0,0.0,36.0
00:00:06:886,1.4834907494140772,3.658511960051961,0.0,0.0,0.0,36.0
00:00:06:896,1.4604514409145237,3.667769915653254,0.0,0.0,0.0,36.0
00:00:06:906,1.4373543608077164,3.676882783949935,0.0,0.0,0.0,36.0
00:00:06:916,1.4142004227532228,3.6858502044609724,0.0,0.0,0.0,36.0
00:00:06:926,1.3909905426597695,3.6946718224588593,0.0,0.0,0.0,36.0
00:00:06:936,1.3677256386490038,3.7033472889836516,0.0,0.0,0.0,36.0
00:00:06:946,1.3444066310191638,3.7118762608567772,0.0,0.0,0.0,36.0
00:00:06:956,1.321034442208697,3.7202584006946005,0.0,0.0,0.0,36.0
00:00:06:966,1.297609996759745,3.7284933769217776,0.0,0.0,0.0,36.0
00:00:06:976,1.2741342212815978,3.736580863784367,0.0,0.0,0.0,36.0
00:00:06:986,1.2506080444140122,3.7445205413627187,0.0,0.0,0.0,36.0
00:00:06:996,1.2270323967905046,3.7523120955841267,0.0,0.0,0.0,36.0
00:00:07:007,1.2034082110015107,3.7599552182352567,0.0,0.0,0.0,36.0
00:00:07:017,1.1797364215575217,3.7674496069743317,0.0,0.0,0.0,36.0
00:00:07:027,1.1560179648520896,3.7747949653431014,0.0,0.0,0.0,36.0
00:00:07:037,1.1322537791248144,3.781991002778559,0.0,0.0,0.0,36.0
00:00:07:047,1.1084448044242021,3.7890374346244435,0.0,0.0,0.0,36.0
00:00:07:057,1.084591982570505,3.795933982142494,0.0,0.0,0.0,36.0
00:00:07:067,1.0606962571184406,3.8026803725234815,0.0,0.0,0.0,36.0
00:00:07:077,1.0367585733198896,3.8092763388979933,0.0,0.0,0.0,36.0
00:00:07:087,1.0127798780864938,3.815721620346995,0.0,0.0,0.0,36.0
00:00:07:097,0.9887611199521891,3.8220159619121534,0.0,0.0,0.0,36.0
00:00:07:107,0.964703249035708,3.828159114605915,0.0,0.0,0.0,36.0
00:00:07:117,0.9406072170029677,3.834150835421362,0.0,0.0,0.0,36.0
00:00:07:127,0.9164739770294521,3.839990887341819,0.0,0.0,0.0,36.0
00:00:07:137,0.8923044837624795,3.8456790393502374,0.0,0.0,0.0,36.0
00:00:07:147,0.8680996932834667,3.851215066438324,0.0,0.0,0.0,36.0
00:00:07:157,0.8438605630700814,3.856598749615448,0.0,0.0,0.0,36.0
00:00:07:167,0.8195880519583938,3.8618298759173015,0.0,0.0,0.0,36.0
00:00:07:177,0.7952831201049214,3.8669082384143243,0.0,0.0,0.0,36.0
00:00:07:187,0.7709467289486742,3.8718336362198893,0.0,0.0,0.0,36.0
00:00:07:197,0.7465798411730955,3.876605874498251,0.0,0.0,0.0,36.0
00:00:07:207,0.7221834206680044,3.8812247644722473,0.0,0.0,0.0,36.0
00:00:07:217,0.6977584324914579,3.885690123430772,0.0,0.0,0.0,36.0
00:00:07:227,0.6733058428315629,3.890001774736005,0.0,0.0,0.0,36.0
00:00:07:237,0.6488266189682835,3.894159547830388,0.0,0.0,0.0,36.0
00:00:07:247,0.6243217292351477,3.8981632782433855,0.0,0.0,0.0,36.0
00:00:07:257,0.599792142980972,3.9020128075979814,0.0,0.0,0.0,36.0
00:00:07:267,0.5752388305314883,3.9057079836169466,0.0,0.0,0.0,36.0
00:00:07:277,0.5506627631509879,3.909248660128862,0.0,0.0,0.0,36.0
00:00:07:287,0.5260649130038733,3.9126346970739054,0.0,0.0,0.0,36.0
00:00:07:297,0.5014462531162296,3.9158659605093837,0.0,0.0,0.0,36.0
00:00:07:307,0.47680775733730674,3.9189423226150386,0.0,0.0,0.0,36.0
00:00:07:317,0.45215040030102394,3.9218636616980973,0.0,0.0,0.0,36.0
00:00:07:327,0.42747515738738806,3.9246298621980915,0.0,0.0,0.0,36.0
00:00:07:337,0.4027830046839346,3.927240814691425,0.0,0.0,0.0,36.0
00:00:07:347,0.3780749189471057,3.9296964158957013,0.0,0.0,0.0,36.0
00:00:07:357,0.3533518775636019,3.931996568673816,0.0,0.0,0.0,36.0
00:00:07:367,0.3286148585117436,3.934141182037789,0.0,0.0,0.0,36.0
00:00:07:377,0.3038648403227569,3.9361301711523735,0.0,0.0,0.0,36.0
00:00:07:387,0.2791028020420935,3.9379634573384044,0.0,0.0,0.0,36.0
00:00:07:397,0.25432972319067415,3.939640968075916,0.0,0.0,0.0,36.0
00:00:07:407,0.22954658372616962,3.9411626370070083,0.0,0.0,0.0,36.0
00:00:07:417,0.2047543640042078,3.9425284039384705,0.0,0.0,0.0,36.0
00:00:07:427,0.17995404473962182,3.943738214844165,0.0,0.0,0.0,36.0
00:00:07:437,0.1551466069676272,3.9447920218671637,0.0,0.0,0.0,36.0
00:00:07:447,0.1303330320050429,3.9456897833216393,0.0,0.0,0.0,36.0
00:00:07:457,0.10551430141144497,3.9464314636945175,0.0,0.0,0.0,36.0
00:00:07:467,0.08069139695036308,3.947017033646877,0.0,0.0,0.0,36.0
00:00:07:477,0.05586530055043411,3.9474464700151164,0.0,0.0,0.0,36.0
00:00:07:487,0.031036994266549132,3.9477197558118644,0.0,0.0,0.0,36.0
00:00:07:497,0.006207460241030409,3.9478368802266566,0.0,0.0,0.0,36.0
00:00:07:507,-0.018622319335247606,3.9477978386263604,0.0,0.0,0.0,36.0
00:00:07:517,-0.04345136226168309,3.947602632555358,0.0,0.0,0.0,36.0
00:00:07:527,-0.06827868636682818,3.9472512697354865,0.0,0.0,0.0,36.0
00:00:07:537,-0.09310330954721302,3.9467437640657326,0.0,0.0,0.0,36.0
00:00:07:547,-0.11792424980622322,3.946080135621682,0.0,0.0,0.0,36.0
00:00:07:557,-0.14274052529291706,3.9452604106547255,0.0,0.0,0.0,36.0
00:00:07:567,-0.16755115434089288,3.9442846215910214,0.0,0.0,0.0,36.0
00:00:07:577,-0.19235515550709328,3.943152807030211,0.0,0.0,0.0,36.0
00:00:07:587,-0.21715154761065636,3.941865011743894,0.0,0.0,0.0,36.0
00:00:07:597,-0.24193934977170067,3.9404212866738546,0.0,0.0,0.0,36.0
00:00:07:607,-0.2667175814501543,3.9388216889300494,0.0,0.0,0.0,36.0
00:00:07:617,-0.2914852624845177,3.937066281788347,0.0,0.0,0.0,36.0
00:00:07:627,-0.3162414131306472,3.9351551346880234,0.0,0.0,0.0,36.0
00:00:07:637,-0.34098505410052127,3.933088323229019,0.0,0.0,0.0,36.0
00:00:07:647,-0.3657152066009542,3.9308659291689416,0.0,0.0,0.0,36.0
00:00:07:657,-0.3904308923723425,3.9284880404198415,0.0,0.0,0.0,36.0
00:00:07:667,-0.41513113372733446,3.925954751044724,0.0,0.0,0.0,36.0
00:00:07:677,-0.4398149535895326,3.9232661612538373,0.0,0.0,0.0,36.0
00:00:07:687,-0.4644813755321165,3.9204223774007025,0.0,0.0,0.0,36.0
00:00:07:697,-0.4891294238164954,3.917423511977908,0.0,0.0,0.0,36.0
00:00:07:707,-0.5137581234308781,3.9142696836126616,0.0,0.0,0.0,36.0
00:00:07:717,-0.53836650012887,3.910961017062095,0.0,0.0,0.0,36.0
00:00:07:727,-0.5629535804679829,3.9074976432083313,0.0,0.0,0.0,36.0
00:00:07:737,-0.5875183918481711,3.9038796990533053,0.0,0.0,0.0,36.0
00:00:07:747,-0.612059962550279,3.900107327713346,0.0,0.0,0.0,36.0
00:00:07:757,-0.6365773217744914,3.896180678413516,0.0,0.0,0.0,36.0
00:00:07:767,-0.6610694996787456,3.892099906481703,0.0,0.0,0.0,36.0
00:00:07:777,-0.6855355274170715,3.8878651733424845,0.0,0.0,0.0,36.0
00:00:07:787,-0.7099744371779447,3.8834766465107333,0.0,0.0,0.0,36.0
00:00:07:797,-0.7343852622225426,3.878934499584998,0.0,0.0,0.0,36.0
00:00:07:807,-0.7587670369230134,3.87423891224063,0.0,0.0,0.0,36.0
00:00:07:817,-0.783118796800647,3.8693900702226824,0.0,0.0,0.0,36.0
00:00:07:827,-0.8074395785640538,3.8643881653385566,0.0,0.0,0.0,36.0
00:00:07:837,-0.8317284201472432,3.8592333954504183,0.0,0.0,0.0,36.0
00:00:07:847,-0.8559843607477078,3.8539259644673676,0.0,0.0,0.0,36.0
00:00:07:857,-0.8802064408644021,3.848466082337379,0.0,0.0,0.0,36.0
00:00:07:867,-0.9043937023357264,3.842853965038988,0.0,0.0,0.0,36.0
00:00:07:877,-0.9285451883774039,3.8370898345727538,0.0,0.0,0.0,36.0
00:00:07:887,-0.9526599436203397,3.8311739189524774,0.0,0.0,0.0,36.0
00:00:07:897,-0.9767370141484228,3.825106452196176,0.0,0.0,0.0,36.0
00:00:07:907,-1.000775447536236,3.818887674316834,0.0,0.0,0.0,36.0
00:00:07:917,-1.02477429288676,3.8125178313129022,0.0,0.0,0.0,36.0
00:00:07:927,-1.0487326008689595,3.805997175158571,0.0,0.0,0.0,36.0
00:00:07:937,-1.0726494237553639,3.799325963793799,0.0,0.0,0.0,36.0
00:00:07:947,-1.096523815459531,3.7925044611141154,0.0,0.0,0.0,36.0
00:00:07:957,-1.120354831573497,3.785532936960173,0.0,0.0,0.0,36.0
00:00:07:967,-1.144141529405109,3.778411667107083,0.0,0.0,0.0,36.0
00:00:07:977,-1.1678829680153415,3.7711409332534984,0.0,0.0,0.0,36.0
00:00:07:987,-1.1915782082554915,3.763721023010476,0.0,0.0,0.0,36.0
00:00:07:997,-1.2152263128043546,3.756152229890094,0.0,0.0,0.0,36.0
00:00:08:008,-1.2388263462052804,3.7484348532938467,0.0,0.0,0.0,36.0
00:00:08:018,-1.2623773749031895,3.740569198500801,0.0,0.0,0.0,36.0
00:00:08:028,-1.2858784672814958,3.732555576655515,0.0,0.0,0.0,36.0
00:00:08:038,-1.3093286936989723,3.724394304755732,0.0,0.0,0.0,36.0
00:00:08:048,-1.3327271265265028,3.716085705639847,0.0,0.0,0.0,36.0
00:00:08:058,-1.356072840183801,3.707630107974126,0.0,0.0,0.0,36.0
00:00:08:068,-1.3793649111759991,3.699027846239714,0.0,0.0,0.0,36.0
00:00:08:078,-1.4026024181302055,3.6902792607193953,0.0,0.0,0.0,36.0
00:00:08:088,-1.4257844418319239,3.681384697484143,0.0,0.0,0.0,36.0
00:00:08:098,-1.4489100652614426,3.672344508379418,0.0,0.0,0.0,36.0
00:00:08:108,-1.4719783736300867,3.6631590510112595,0.0,0.0,0.0,36.0
00:00:08:118,-1.4949884544164131,3.6538286887321374,0.0,0.0,0.0,36.0
00:00:08:128,-1.5179393974023185,3.6443537906265733,0.0,0.0,0.0,36.0
00:00:08:138,-1.540830294709022,3.63473473149655,0.0,0.0,0.0,36.0
00:00:08:148,-1.5636602408330043,3.6249718918466742,0.0,0.0,0.0,36.0
00:00:08:158,-1.586428332681801,3.6150656578691382,0.0,0.0,0.0,36.0
00:00:08:168,-1.609133669609753,3.6050164214284286,0.0,0.0,0.0,36.0
00:00:08:178,-1.6317753534536072,3.5948245800458385,0.0,0.0,0.0,36.0
00:00:08:188,-1.6543524885680718,3.58449053688373,0.0,0.0,0.0,36.0
00:00:08:198,-1.676864181861219,3.5740147007295997,0.0,0.0,0.0,36.0
00:00:08:208,-1.6993095428298408,3.563397485979893,0.0,0.0,0.0,36.0
00:00:08:218,-1.721687683594647,3.552639312623628,0.0,0.0,0.0,36.0
00:00:08:228,-1.7439977189354148,3.5417406062257655,0.0,0.0,0.0,36.0
00:00:08:238,-1.7662387663259793,3.5307017979103907,0.0,0.0,0.0,36.0
00:00:08:248,-1.7884099459691705,3.5195233243436435,0.0,0.0,0.0,36.0
00:00:08:258,-1.810510380831591,3.5082056277164586,0.0,0.0,0.0,36.0
00:00:08:268,-1.8325391966783227,3.4967491557270667,0.0,0.0,0.0,36.0
00:00:08:278,-1.8544955221075141,3.485154361563281,0.0,0.0,0.0,36.0
00:00:08:288,-1.8763784885848322,3.4734217038845836,0.0,0.0,0.0,36.0
00:00:08:298,-1.8981872304778427,3.461551646803965,0.0,0.0,0.0,36.0
00:00:08:308,-1.9199208850902278,3.4495446598695807,0.0,0.0,0.0,36.0
00:00:08:318,-1.941578592695937,3.4374012180461633,0.0,0.0,0.0,36.0
00:00:08:328,-1.9631594965731702,3.4251218016962497,0.0,0.0,0.0,36.0
00:00:08:338,-1.9846627430382935,3.41270689656116,0.0,0.0,0.0,36.0
00:00:08:348,-2.0060874814795824,3.400156993741803,0.0,0.0,0.0,36.0
00:00:08:358,-2.027432864390894,3.3874725896792315,0.0,0.0,0.0,36.0
00:00:08:368,-2.0486980474051717,3.374654186135021,0.0,0.0,0.0,36.0
00:00:08:378,-2.069882189327864,3.3617022901714058,0.0,0.0,0.0,36.0
00:00:08:388,-2.0909844521701846,3.348617414131232,0.0,0.0,0.0,36.0
00:00:08:398,-2.112004001182267,3.335400075617688,0.0,0.0,0.0,36.0
00:00:08:408,-2.1329400048861937,3.322050797473824,0.0,0.0,0.0,36.0
00:00:08:418,-2.1537916351088695,3.3085701077618785,0.0,0.0,0.0,36.0
00:00:08:428,-2.1745580670148006,3.2949585397423804,0.0,0.0,0.0,36.0
00:00:08:438,-2.1952384791387045,3.281216631853065,0.0,0.0,0.0,36.0
00:00:08:448,-2.215832053418025,3.267344927687563,0.0,0.0,0.0,36.0
00:00:08:458,-2.2363379752252706,3.2533439759739093,0.0,0.0,0.0,36.0
00:00:08:468,-2.256755433400262,3.2392143305528243,0.0,0.0,0.0,36.0
00:00:08:478,-2.2770836202821965,3.2249565503558206,0.0,0.0,0.0,36.0
00:00:08:488,-2.2973217317416195,3.210571199383075,0.0,0.0,0.0,36.0
00:00:08:498,-2.3174689672122115,3.196058846681136,0.0,0.0,0.0,36.0
00:00:08:508,-2.337524529722478,3.1814200663203995,0.0,0.0,0.0,36.0
00:00:08:518,-2.357487625927258,3.16665543737241,0.0,0.0,0.0,36.0
00:00:08:528,-2.3773574661391117,3.151765543886951,0.0,0.0,0.0,36.0
00:00:08:538,-2.3971332643595713,3.1367509748689346,0.0,0.0,0.0,36.0
00:00:08:548,-2.416814238310209,3.121612324255117,0.0,0.0,0.0,36.0
00:00:08:558,-2.436399609463607,3.1063501908905846,0.0,0.0,0.0,36.0
00:00:08:568,-2.45588860307413,3.090965178505087,0.0,0.0,0.0,36.0
00:00:08:578,-2.475280448208597,3.0754578956891336,0.0,0.0,0.0,36.0
00:00:08:588,-2.494574377776752,3.0598289558699387,0.0,0.0,0.0,36.0
00:00:08:598,-2.5137696285616316,3.0440789772871377,0.0,0.0,0.0,36.0
00:00:08:608,-2.5328654412497342,3.0282085829683494,0.0,0.0,0.0,36.0
00:00:08:618,-2.551861060461078,3.0122184007045125,0.0,0.0,0.0,36.0
00:00:08:628,-2.5707557347790604,2.9961090630250697,0.0,0.0,0.0,36.0
00:00:08:638,-2.5895487167802025,2.9798812071729293,0.0,0.0,0.0,36.0
00:00:08:648,-2.608239263063698,2.9635354750792717,0.0,0.0,0.0,36.0
00:00:08:658,-2.626826634280827,2.9470725133381515,0.0,0.0,0.0,36.0
00:00:08:668,-2.645310095164211,2.930492973180912,0.0,0.0,0.0,36.0
00:00:08:678,-2.66368891455688,2.91379751045044,0.0,0.0,0.0,36.0
00:00:08:688,-2.681962365441215,2.8969867855752036,0.0,0.0,0.0,36.0
00:00:08:698,-2.700129724967689,2.880061463543148,0.0,0.0,0.0,36.0
00:00:08:708,-2.7181902744834776,2.8630222138753707,0.0,0.0,0.0,36.0
00:00:08:718,-2.7361432995608688,2.845869710599653,0.0,0.0,0.0,36.0
00:00:08:728,-2.7539880900255445,2.828604632223783,0.0,0.0,0.0,36.0
00:00:08:738,-2.771723939984652,2.811227661708732,0.0,0.0,0.0,36.0
00:00:08:748,-2.7893501478547487,2.7937394864416194,0.0,0.0,0.0,36.0
00:00:08:758,-2.806866016389532,2.77614079820854,0.0,0.0,0.0,36.0
00:00:08:768,-2.8242708527074436,2.7584322931671816,0.0,0.0,0.0,36.0
00:00:08:778,-2.841563968319057,2.7406146718193054,0.0,0.0,0.0,36.0
00:00:08:788,-2.8587446791543325,2.7226886389830147,0.0,0.0,0.0,36.0
00:00:08:798,-2.8758123055896574,2.7046549037648937,0.0,0.0,0.0,36.0
00:00:08:808,-2.892766172474742,2.6865141795319487,0.0,0.0,0.0,36.0
00:00:08:818,-2.9096056091593305,2.668267183883381,0.0,0.0,0.0,36.0
00:00:08:828,-2.9263299495197153,2.6499146386222203,0.0,0.0,0.0,36.0
00:00:08:838,-2.942938531985103,2.6314572697267486,0.0,0.0,0.0,36.0
00:00:08:848,-2.9594306995637707,2.612895807321807,0.0,0.0,0.0,36.0
00:00:08:858,-2.97580579986907,2.594230985649889,0.0,0.0,0.0,36.0
00:00:08:868,-2.992063185145214,2.575463543042119,0.0,0.0,0.0,36.0
00:00:08:878,-3.0082022122929235,2.5565942218890245,0.0,0.0,0.0,36.0
00:00:08:888,-3.024222242894844,2.5376237686111915,0.0,0.0,0.0,36.0
00:00:08:898,-3.040122643240821,2.518552933629713,0.0,0.0,0.0,36.0
00:00:08:908,-3.055902784352946,2.4993824713365305,0.0,0.0,0.0,36.0
00:00:08:918,-3.07156204201046,2.4801131400645664,0.0,0.0,0.0,36.0
00:00:08:928,-3.0870997967744267,2.460745702057748,0.0,0.0,0.0,36.0
00:00:08:938,-3.102515434012245,2.441280923440848,0.0,0.0,0.0,36.0
00:00:08:948,-3.1178083439219657,2.4217195741891664,0.0,0.0,0.0,36.0
00:00:08:958,-3.1329779215564026,2.4020624280980947,0.0,0.0,0.0,36.0
00:00:08:968,-3.1480235668470753,2.3823102627524837,0.0,0.0,0.0,36.0
00:00:08:978,-3.1629446846279334,2.362463859495906,0.0,0.0,0.0,36.0
00:00:08:988,-3.177740684658914,2.3425240033997268,0.0,0.0,0.0,36.0
00:00:08:998,-3.192410981649274,2.3224914832320707,0.0,0.0,0.0,36.0
00:00:09:009,-3.2069549952807606,2.3023670914265963,0.0,0.0,0.0,36.0
00:00:09:019,-3.2213721502305472,2.2821516240511737,0.0,0.0,0.0,36.0
00:00:09:029,-3.2356618761940115,2.261845880776371,0.0,0.0,0.0,36.0
00:00:09:039,-3.249823607907278,2.241450664843844,0.0,0.0,0.0,36.0
00:00:09:049,-3.2638567851695934,2.22096678303454,0.0,0.0,0.0,36.0
00:00:09:059,-3.277760852865474,2.200395045636802,0.0,0.0,0.0,36.0
00:00:09:069,-3.29153526098667,2.1797362664143107,0.0,0.0,0.0,36.0
00:00:09:079,-3.3051794646539285,2.1589912625738803,0.0,0.0,0.0,36.0
00:00:09:089,-3.318692924138533,2.1381608547331563,0.0,0.0,0.0,36.0
00:00:09:099,-3.3320751048836694,2.1172458668881298,0.0,0.0,0.0,36.0
00:00:09:109,-3.3453254775255585,2.096247126380566,0.0,0.0,0.0,36.0
00:00:09:119,-3.3584435179144076,2.0751654638652512,0.0,0.0,0.0,36.0
00:00:09:129,-3.371428707135133,2.054001713277161,0.0,0.0,0.0,36.0
00:00:09:139,-3.3842805315278985,2.0327567117984455,0.0,0.0,0.0,36.0
00:00:09:149,-3.396998482708424,2.011431299825339,0.0,0.0,0.0,36.0
00:00:09:159,-3.4095820575881044,1.9900263209348898,0.0,0.0,0.0,36.0
00:00:09:169,-3.4220307583939027,1.9685426218516164,0.0,0.0,0.0,36.0
00:00:09:179,-3.43434409268805,1.946981052413988,0.0,0.0,0.0,36.0
00:00:09:189,-3.4465215733875145,1.9253424655408282,0.0,0.0,0.0,36.0
00:00:09:199,-3.458562718783275,1.9036277171975686,0.0,0.0,0.0,36.0
00:00:09:209,-3.4704670525593793,1.8818376663623777,0.0,0.0,0.0,36.0
00:00:09:219,-3.482234103811776,1.8599731749922042,0.0,0.0,0.0,36.0
00:00:09:229,-3.4938634070669554,1.8380351079886557,0.0,0.0,0.0,36.0
00:00:09:239,-3.505354502300348,1.8160243331638108,0.0,0.0,0.0,36.0
00:00:09:249,-3.5167069349545357,1.7939417212058641,0.0,0.0,0.0,36.0
00:00:09:259,-3.52792025595722,1.7717881456447118,0.0,0.0,0.0,36.0
00:00:09:269,-3.538994021738999,1.7495644828173693,0.0,0.0,0.0,36.0
00:00:09:279,-3.5499277942509004,1.7272716118333324,0.0,0.0,0.0,36.0
00:00:09:289,-3.5607211409817237,1.7049104145397764,0.0,0.0,0.0,36.0
00:00:09:299,-3.5713736349751355,1.6824817754866983,0.0,0.0,0.0,36.0
00:00:09:309,-3.5818848548465696,1.6599865818918995,0.0,0.0,0.0,36.0
00:00:09:319,-3.592254384799888,1.6374257236059175,0.0,0.0,0.0,36.0
00:00:09:329,-3.602481814643836,1.614800093076798,0.0,0.0,0.0,36.0
00:00:09:339,-3.6125667398082624,1.592110585314816,0.0,0.0,0.0,36.0
00:00:09:349,-3.6225087613601223,1.5693580978570618,0.0,0.0,0.0,36.0
00:00:09:359,-3.6323074860192683,1.5465435307319253,0.0,0.0,0.0,36.0
00:00:09:369,-3.6419625261739914,1.5236677864235182,0.0,0.0,0.0,36.0
00:00:09:379,-3.6514734998963707,1.5007317698359475,0.0,0.0,0.0,36.0
00:00:09:389,-3.6608400309573663,1.477736388257545,0.0,0.0,0.0,36.0
00:00:09:399,-3.6700617488417158,1.4546825513249522,0.0,0.0,0.0,36.0
00:00:09:409,-3.679138288762578,1.4315711709871632,0.0,0.0,0.0,36.0
00:00:09:419,-3.6880692916759736,1.4084031614694248,0.0,0.0,0.0,36.0
00:00:09:429,-3.69685440429498,1.385179439237097,0.0,0.0,0.0,36.0
00:00:09:439,-3.705493279103713,1.3619009229593757,0.0,0.0,0.0,36.0
00:00:09:449,-3.713985574371068,1.3385685334729773,0.0,0.0,0.0,36.0
00:00:09:459,-3.722330954164243,1.315183193745687,0.0,0.0,0.0,36.0
00:00:09:469,-3.730529088362022,1.2917458288398724,0.0,0.0,0.0,36.0
00:00:09:479,-3.7385796526678368,1.2682573658758796,0.0,0.0,0.0,36.0
00:00:09:489,-3.7464823286225983,1.2447187339953487,0.0,0.0,0.0,36.0
00:00:09:499,-3.7542368036172853,1.2211308643244838,0.0,0.0,0.0,36.0
00:00:09:509,-3.76184277090532,1.1974946899371923,0.0,0.0,0.0,36.0
00:00:09:519,-3.7692999296146956,1.173811145818203,0.0,0.0,0.0,36.0
00:00:09:529,-3.7766079847598815,1.1500811688260515,0.0,0.0,0.0,36.0
00:00:09:539,-3.783766647253489,1.1263056976560506,0.0,0.0,0.0,36.0
00:00:09:549,-3.7907756339177117,1.1024856728031276,0.0,0.0,0.0,36.0
00:00:09:559,-3.7976346674955197,1.078622036524651,0.0,0.0,0.0,36.0
00:00:09:569,-3.8043434766616375,1.0547157328031278,0.0,0.0,0.0,36.0
00:00:09:579,-3.8109017960332654,1.03076770730889,0.0,0.0,0.0,36.0
00:00:09:589,-3.817309366180588,1.0067789073626598,0.0,0.0,0.0,36.0
00:00:09:599,-3.823565933637028,0.9827502818980994,0.0,0.0,0.0,36.0
00:00:09:609,-3.8296712509092776,0.9586827814242633,0.0,0.0,0.0,36.0
00:00:09:619,-3.835625076487089,0.9345773579879885,0.0,0.0,0.0,36.0
00:00:09:629,-3.841427174852822,0.910434965136258,0.0,0.0,0.0,36.0
00:00:09:639,-3.84707731649077,0.886256557878454,0.0,0.0,0.0,36.0
00:00:09:649,-3.8525752778962303,0.8620430926486072,0.0,0.0,0.0,36.0
00:00:09:659,-3.8579208415843507,0.8377955272675353,0.0,0.0,0.0,36.0
00:00:09:669,-3.863113796098728,0.813514820904982,0.0,0.0,0.0,36.0
00:00:09:679,-3.8681539360197794,0.789201934041647,0.0,0.0,0.0,36.0
00:00:09:689,-3.8730410619728612,0.7648578284312194,0.0,0.0,0.0,36.0
00:00:09:699,-3.8777749806361608,0.7404834670623061,0.0,0.0,0.0,36.0
00:00:09:709,-3.8823555047483396,0.7160798141203656,0.0,0.0,0.0,36.0
00:00:09:719,-3.886782453115945,0.6916478349495399,0.0,0.0,0.0,36.0
00:00:09:729,-3.891055650620575,0.6671884960144924,0.0,0.0,0.0,36.0
00:00:09:739,-3.895174928225806,0.6427027648621666,0.0,0.0,0.0,36.0
00:00:09:749,-3.8991401229838805,0.6181916100835023,0.0,0.0,0.0,36.0
00:00:09:759,-3.902951078042151,0.5936560012751443,0.0,0.0,0.0,36.0
00:00:09:769,-3.9066076426492877,0.5690969090010608,0.0,0.0,0.0,36.0
00:00:09:779,-3.910109672161236,0.5445153047541779,0.0,0.0,0.0,36.0
00:00:09:789,-3.9134570280469463,0.5199121609179218,0.0,0.0,0.0,36.0
00:00:09:799,-3.9166495778938475,0.4952884507277822,0.0,0.0,0.0,36.0
00:00:09:809,-3.9196871954130885,0.4706451482327856,0.0,0.0,0.0,36.0
00:00:09:819,-3.9225697604445293,0.44598322825699205,0.0,0.0,0.0,36.0
00:00:09:829,-3.9252971589615018,0.42130366636090644,0.0,0.0,0.0,36.0
00:00:09:839,-3.9278692830753132,0.3966074388029152,0.0,0.0,0.0,36.0
00:00:09:849,-3.9302860310395173,0.3718955225006406,0.0,0.0,0.0,36.0
00:00:09:859,-3.932547307253937,0.34716889499232423,0.0,0.0,0.0,36.0
00:00:09:869,-3.934653022268451,0.32242853439812996,0.0,0.0,0.0,36.0
00:00:09:879,-3.9366030927865268,0.29767541938147724,0.0,0.0,0.0,36.0
00:00:09:889,-3.938397441668516,0.27291052911031644,0.0,0.0,0.0,36.0
00:00:09:899,-3.940035997934711,0.24813484321838555,0.0,0.0,0.0,36.0
00:00:09:909,-3.941518696768146,0.223349341766483,0.0,0.0,0.0,36.0
00:00:09:919,-3.942845479517167,0.19855500520367078,0.0,0.0,0.0,36.0
00:00:09:929,-3.9440162936977465,0.17375281432851852,0.0,0.0,0.0,36.0
00:00:09:939,-3.9450310929955643,0.14894375025027776,0.0,0.0,0.0,36.0
00:00:09:949,-3.9458898372678357,0.12412879435009984,0.0,0.0,0.0,36.0
00:00:09:959,-3.946592492544902,0.09930892824218708,0.0,0.0,0.0,36.0
00:00:09:969,-3.947139031031574,0.07448513373499059,0.0,0.0,0.0,36.0
00:00:09:979,-3.9475294311082307,0.04965839279234463,0.0,0.0,0.0,36.0
00:00:09:989,-3.9477636773316744,0.024829687494650705,0.0,0.0,0.0,36.0
00:00:10:000,-3.947841760435743,9.66942355091577e-16,0.0,0.0,0.0,36.0
