Time,Accel x[m/s^2],Accel y[m/s^2],Accel z[m/s^2],Spin x[degrees/sec],Spin y[degrees/sec],Spin z[degrees/sec],Time_seconds,Angle[degrees]
00:00:00:000,-3.94784176,0,0,0,0,36,0,0
00:00:00:010,-3.947763677,-0.024829687,0,0,0,36,0.01,0.72
00:00:00:020,-3.947529431,-0.049658393,0,0,0,36,0.02,1.08
00:00:00:030,-3.947139031,-0.074485134,0,0,0,36,0.03,1.44
00:00:00:040,-3.946592493,-0.099308928,0,0,0,36,0.04,1.8
00:00:00:050,-3.945889837,-0.124128794,0,0,0,36,0.05,2.16
00:00:00:060,-3.945031093,-0.14894375,0,0,0,36,0.06,2.52
00:00:00:070,-3.944016294,-0.173752814,0,0,0,36,0.07,2.88
00:00:00:080,-3.94284548,-0.198555005,0,0,0,36,0.08,3.24
00:00:00:090,-3.941518697,-0.223349342,0,0,0,36,0.09,3.6
00:00:00:100,-3.940035998,-0.248134843,0,0,0,36,0.1,3.96
00:00:00:110,-3.938397442,-0.272910529,0,0,0,36,0.11,4.32
00:00:00:120,-3.936603093,-0.297675419,0,0,0,36,0.12,4.68
00:00:00:130,-3.934653022,-0.322428534,0,0,0,36,0.13,5.04
00:00:00:140,-3.932547307,-0.347168895,0,0,0,36,0.14,5.4
00:00:00:150,-3.930286031,-0.371895523,0,0,0,36,0.15,5.76
00:00:00:160,-3.927869283,-0.396607439,0,0,0,36,0.16,6.12
00:00:00:170,-3.925297159,-0.421303666,0,0,0,36,0.17,6.48
00:00:00:180,-3.92256976,-0.445983228,0,0,0,36,0.18,6.84
00:00:00:190,-3.919687195,-0.470645148,0,0,0,36,0.19,7.2
00:00:00:200,-3.916649578,-0.495288451,0,0,0,36,0.2,7.56
00:00:00:210,-3.913457028,-0.519912161,0,0,0,36,0.21,7.92
00:00:00:220,-3.910109672,-0.544515305,0,0,0,36,0.22,8.28
00:00:00:230,-3.906607643,-0.569096909,0,0,0,36,0.23,8.64
00:00:00:240,-3.902951078,-0.593656001,0,0,0,36,0.24,9
00:00:00:250,-3.899140123,-0.61819161,0,0,0,36,0.25,9.36
00:00:00:260,-3.895174928,-0.642702765,0,0,0,36,0.26,9.72
00:00:00:270,-3.891055651,-0.667188496,0,0,0,36,0.27,10.08
00:00:00:280,-3.886782453,-0.691647835,0,0,0,36,0.28,10.44
00:00:00:290,-3.882355505,-0.716079814,0,0,0,36,0.29,10.8
00:00:00:300,-3.877774981,-0.740483467,0,0,0,36,0.3,11.16
00:00:00:310,-3.873041062,-0.764857828,0,0,0,36,0.31,11.52
00:00:00:320,-3.868153936,-0.789201934,0,0,0,36,0.32,11.88
00:00:00:330,-3.863113796,-0.813514821,0,0,0,36,0.33,12.24
00:00:00:340,-3.857920842,-0.837795527,0,0,0,36,0.34,12.6
00:00:00:350,-3.852575278,-0.862043093,0,0,0,36,0.35,12.96
00:00:00:360,-3.847077316,-0.886256558,0,0,0,36,0.36,13.32
00:00:00:370,-3.841427175,-0.910434965,0,0,0,36,0.37,13.68
00:00:00:380,-3.835625076,-0.934577358,0,0,0,36,0.38,14.04
00:00:00:390,-3.829671251,-0.958682781,0,0,0,36,0.39,14.4
00:00:00:400,-3.823565934,-0.982750282,0,0,0,36,0.4,14.76
00:00:00:410,-3.817309366,-1.006778907,0,0,0,36,0.41,15.12
00:00:00:420,-3.810901796,-1.030767707,0,0,0,36,0.42,15.48
00:00:00:430,-3.804343477,-1.054715733,0,0,0,36,0.43,15.84
00:00:00:440,-3.797634667,-1.078622037,0,0,0,36,0.44,16.2
00:00:00:450,-3.790775634,-1.102485673,0,0,0,36,0.45,16.56
00:00:00:460,-3.783766647,-1.126305698,0,0,0,36,0.46,16.92
00:00:00:470,-3.776607985,-1.150081169,0,0,0,36,0.47,17.28
00:00:00:480,-3.76929993,-1.173811146,0,0,0,36,0.48,17.64
00:00:00:490,-3.761842771,-1.19749469,0,0,0,36,0.49,18
00:00:00:500,-3.754236804,-1.221130864,0,0,0,36,0.5,18.36
00:00:00:510,-3.746482329,-1.244718734,0,0,0,36,0.51,18.72
00:00:00:520,-3.738579653,-1.268257366,0,0,0,36,0.52,19.08
00:00:00:530,-3.730529088,-1.291745829,0,0,0,36,0.53,19.44
00:00:00:540,-3.722330954,-1.315183194,0,0,0,36,0.54,19.8
00:00:00:550,-3.713985574,-1.338568533,0,0,0,36,0.55,20.16
00:00:00:560,-3.705493279,-1.361900923,0,0,0,36,0.56,20.52
00:00:00:570,-3.696854404,-1.385179439,0,0,0,36,0.57,20.88
00:00:00:580,-3.688069292,-1.408403161,0,0,0,36,0.58,21.24
00:00:00:590,-3.679138289,-1.431571171,0,0,0,36,0.59,21.6
00:00:00:600,-3.670061749,-1.454682551,0,0,0,36,0.6,21.96
00:00:00:610,-3.660840031,-1.477736388,0,0,0,36,0.61,22.32
00:00:00:620,-3.6514735,-1.50073177,0,0,0,36,0.62,22.68
00:00:00:630,-3.641962526,-1.523667786,0,0,0,36,0.63,23.04
00:00:00:640,-3.632307486,-1.546543531,0,0,0,36,0.64,23.4
00:00:00:650,-3.622508761,-1.569358098,0,0,0,36,0.65,23.76
00:00:00:660,-3.61256674,-1.592110585,0,0,0,36,0.66,24.12
00:00:00:670,-3.602481815,-1.614800093,0,0,0,36,0.67,24.48
00:00:00:680,-3.592254385,-1.637425724,0,0,0,36,0.68,24.84
00:00:00:690,-3.581884855,-1.659986582,0,0,0,36,0.69,25.2
00:00:00:700,-3.571373635,-1.682481775,0,0,0,36,0.7,25.56
00:00:00:710,-3.560721141,-1.704910415,0,0,0,36,0.71,25.92
00:00:00:720,-3.549927794,-1.727271612,0,0,0,36,0.72,26.28
00:00:00:730,-3.538994022,-1.749564483,0,0,0,36,0.73,26.64
00:00:00:740,-3.527920256,-1.771788146,0,0,0,36,0.74,27
00:00:00:750,-3.516706935,-1.793941721,0,0,0,36,0.75,27.36
00:00:00:760,-3.505354502,-1.816024333,0,0,0,36,0.76,27.72
00:00:00:770,-3.493863407,-1.838035108,0,0,0,36,0.77,28.08
00:00:00:780,-3.482234104,-1.859973175,0,0,0,36,0.78,28.44
00:00:00:790,-3.470467053,-1.881837666,0,0,0,36,0.79,28.8
00:00:00:800,-3.458562719,-1.903627717,0,0,0,36,0.8,29.16
00:00:00:810,-3.446521573,-1.925342466,0,0,0,36,0.81,29.52
00:00:00:820,-3.434344093,-1.946981052,0,0,0,36,0.82,29.88
00:00:00:830,-3.422030758,-1.968542622,0,0,0,36,0.83,30.24
00:00:00:840,-3.409582058,-1.990026321,0,0,0,36,0.84,30.6
00:00:00:850,-3.396998483,-2.0114313,0,0,0,36,0.85,30.96
00:00:00:860,-3.384280532,-2.032756712,0,0,0,36,0.86,31.32
00:00:00:870,-3.371428707,-2.054001713,0,0,0,36,0.87,31.68
00:00:00:880,-3.358443518,-2.075165464,0,0,0,36,0.88,32.04
00:00:00:890,-3.345325478,-2.096247126,0,0,0,36,0.89,32.4
00:00:00:900,-3.332075105,-2.117245867,0,0,0,36,0.9,32.76
00:00:00:910,-3.318692924,-2.138160855,0,0,0,36,0.91,33.12
00:00:00:920,-3.305179465,-2.158991263,0,0,0,36,0.92,33.48
00:00:00:930,-3.291535261,-2.179736266,0,0,0,36,0.93,33.84
00:00:00:940,-3.277760853,-2.200395046,0,0,0,36,0.94,34.2
00:00:00:950,-3.263856785,-2.220966783,0,0,0,36,0.95,34.56
00:00:00:960,-3.249823608,-2.241450665,0,0,0,36,0.96,34.92
00:00:00:970,-3.235661876,-2.261845881,0,0,0,36,0.97,35.28
00:00:00:980,-3.22137215,-2.282151624,0,0,0,36,0.98,35.64
00:00:00:990,-3.206954995,-2.302367091,0,0,0,36,0.99,36
00:00:01:001,-3.192410982,-2.322491483,0,0,0,36,1.001,39.996
00:00:01:011,-3.177740685,-2.342524003,0,0,0,36,1.011,36.72
00:00:01:021,-3.162944685,-2.362463859,0,0,0,36,1.021,37.08
00:00:01:031,-3.148023567,-2.382310263,0,0,0,36,1.031,37.44
00:00:01:041,-3.132977922,-2.402062428,0,0,0,36,1.041,37.8
00:00:01:051,-3.117808344,-2.421719574,0,0,0,36,1.051,38.16
00:00:01:061,-3.102515434,-2.441280923,0,0,0,36,1.061,38.52
00:00:01:071,-3.087099797,-2.460745702,0,0,0,36,1.071,38.88
00:00:01:081,-3.071562042,-2.48011314,0,0,0,36,1.081,39.24
00:00:01:091,-3.055902784,-2.499382471,0,0,0,36,1.091,39.6
00:00:01:101,-3.040122643,-2.518552934,0,0,0,36,1.101,39.96
00:00:01:111,-3.024222243,-2.537623769,0,0,0,36,1.111,40.32
00:00:01:121,-3.008202212,-2.556594222,0,0,0,36,1.121,40.68
00:00:01:131,-2.992063185,-2.575463543,0,0,0,36,1.131,41.04
00:00:01:141,-2.9758058,-2.594230986,0,0,0,36,1.141,41.4
00:00:01:151,-2.9594307,-2.612895807,0,0,0,36,1.151,41.76
00:00:01:161,-2.942938532,-2.63145727,0,0,0,36,1.161,42.12
00:00:01:171,-2.92632995,-2.649914639,0,0,0,36,1.171,42.48
00:00:01:181,-2.909605609,-2.668267184,0,0,0,36,1.181,42.84
00:00:01:191,-2.892766172,-2.68651418,0,0,0,36,1.191,43.2
00:00:01:201,-2.875812306,-2.704654904,0,0,0,36,1.201,43.56
00:00:01:211,-2.858744679,-2.722688639,0,0,0,36,1.211,43.92
00:00:01:221,-2.841563968,-2.740614672,0,0,0,36,1.221,44.28
00:00:01:231,-2.824270853,-2.758432293,0,0,0,36,1.231,44.64
00:00:01:241,-2.806866016,-2.776140798,0,0,0,36,1.241,45
00:00:01:251,-2.789350148,-2.793739486,0,0,0,36,1.251,45.36
00:00:01:261,-2.77172394,-2.811227662,0,0,0,36,1.261,45.72
00:00:01:271,-2.75398809,-2.828604632,0,0,0,36,1.271,46.08
00:00:01:281,-2.7361433,-2.845869711,0,0,0,36,1.281,46.44
00:00:01:291,-2.718190274,-2.863022214,0,0,0,36,1.291,46.8
00:00:01:301,-2.700129725,-2.880061464,0,0,0,36,1.301,47.16
00:00:01:311,-2.681962365,-2.896986786,0,0,0,36,1.311,47.52
00:00:01:321,-2.663688915,-2.91379751,0,0,0,36,1.321,47.88
00:00:01:331,-2.645310095,-2.930492973,0,0,0,36,1.331,48.24
00:00:01:341,-2.626826634,-2.947072513,0,0,0,36,1.341,48.6
00:00:01:351,-2.608239263,-2.963535475,0,0,0,36,1.351,48.96
00:00:01:361,-2.589548717,-2.979881207,0,0,0,36,1.361,49.32
00:00:01:371,-2.570755735,-2.996109063,0,0,0,36,1.371,49.68
00:00:01:381,-2.55186106,-3.012218401,0,0,0,36,1.381,50.04
00:00:01:391,-2.532865441,-3.028208583,0,0,0,36,1.391,50.4
00:00:01:401,-2.513769629,-3.044078977,0,0,0,36,1.401,50.76
00:00:01:411,-2.494574378,-3.059828956,0,0,0,36,1.411,51.12
00:00:01:421,-2.475280448,-3.075457896,0,0,0,36,1.421,51.48
00:00:01:431,-2.455888603,-3.090965179,0,0,0,36,1.431,51.84
00:00:01:441,-2.436399609,-3.106350191,0,0,0,36,1.441,52.2
00:00:01:451,-2.416814238,-3.121612324,0,0,0,36,1.451,52.56
00:00:01:461,-2.397133264,-3.136750975,0,0,0,36,1.461,52.92
00:00:01:471,-2.377357466,-3.151765544,0,0,0,36,1.471,53.28
00:00:01:481,-2.357487626,-3.166655437,0,0,0,36,1.481,53.64
00:00:01:491,-2.33752453,-3.181420066,0,0,0,36,1.491,54
00:00:01:501,-2.317468967,-3.196058847,0,0,0,36,1.501,54.36
00:00:01:511,-2.297321732,-3.210571199,0,0,0,36,1.511,54.72
00:00:01:521,-2.27708362,-3.22495655,0,0,0,36,1.521,55.08
00:00:01:531,-2.256755433,-3.239214331,0,0,0,36,1.531,55.44
00:00:01:541,-2.236337975,-3.253343976,0,0,0,36,1.541,55.8
00:00:01:551,-2.215832053,-3.267344928,0,0,0,36,1.551,56.16
00:00:01:561,-2.195238479,-3.281216632,0,0,0,36,1.561,56.52
00:00:01:571,-2.174558067,-3.29495854,0,0,0,36,1.571,56.88
00:00:01:581,-2.153791635,-3.308570108,0,0,0,36,1.581,57.24
00:00:01:591,-2.132940005,-3.322050797,0,0,0,36,1.591,57.6
00:00:01:601,-2.112004001,-3.335400076,0,0,0,36,1.601,57.96
00:00:01:611,-2.090984452,-3.348617414,0,0,0,36,1.611,58.32
00:00:01:621,-2.069882189,-3.36170229,0,0,0,36,1.621,58.68
00:00:01:631,-2.048698047,-3.374654186,0,0,0,36,1.631,59.04
00:00:01:641,-2.027432864,-3.38747259,0,0,0,36,1.641,59.4
00:00:01:651,-2.006087481,-3.400156994,0,0,0,36,1.651,59.76
00:00:01:661,-1.984662743,-3.412706897,0,0,0,36,1.661,60.12
00:00:01:671,-1.963159497,-3.425121802,0,0,0,36,1.671,60.48
00:00:01:681,-1.941578593,-3.437401218,0,0,0,36,1.681,60.84
00:00:01:691,-1.919920885,-3.44954466,0,0,0,36,1.691,61.2
00:00:01:701,-1.89818723,-3.461551647,0,0,0,36,1.701,61.56
00:00:01:711,-1.876378489,-3.473421704,0,0,0,36,1.711,61.92
00:00:01:721,-1.854495522,-3.485154362,0,0,0,36,1.721,62.28
00:00:01:731,-1.832539197,-3.496749156,0,0,0,36,1.731,62.64
00:00:01:741,-1.810510381,-3.508205628,0,0,0,36,1.741,63
00:00:01:751,-1.788409946,-3.519523324,0,0,0,36,1.751,63.36
00:00:01:761,-1.766238766,-3.530701798,0,0,0,36,1.761,63.72
00:00:01:771,-1.743997719,-3.541740606,0,0,0,36,1.771,64.08
00:00:01:781,-1.721687684,-3.552639313,0,0,0,36,1.781,64.44
00:00:01:791,-1.699309543,-3.563397486,0,0,0,36,1.791,64.8
00:00:01:801,-1.676864182,-3.574014701,0,0,0,36,1.801,65.16
00:00:01:811,-1.654352489,-3.584490537,0,0,0,36,1.811,65.52
00:00:01:821,-1.631775353,-3.59482458,0,0,0,36,1.821,65.88
00:00:01:831,-1.60913367,-3.605016421,0,0,0,36,1.831,66.24
00:00:01:841,-1.586428333,-3.615065658,0,0,0,36,1.841,66.6
00:00:01:851,-1.563660241,-3.624971892,0,0,0,36,1.851,66.96
00:00:01:861,-1.540830295,-3.634734731,0,0,0,36,1.861,67.32
00:00:01:871,-1.517939397,-3.644353791,0,0,0,36,1.871,67.68
00:00:01:881,-1.494988454,-3.653828689,0,0,0,36,1.881,68.04
00:00:01:891,-1.471978374,-3.663159051,0,0,0,36,1.891,68.4
00:00:01:901,-1.448910065,-3.672344508,0,0,0,36,1.901,68.76
00:00:01:911,-1.425784442,-3.681384697,0,0,0,36,1.911,69.12
00:00:01:921,-1.402602418,-3.690279261,0,0,0,36,1.921,69.48
00:00:01:931,-1.379364911,-3.699027846,0,0,0,36,1.931,69.84
00:00:01:941,-1.35607284,-3.707630108,0,0,0,36,1.941,70.2
00:00:01:951,-1.332727127,-3.716085706,0,0,0,36,1.951,70.56
00:00:01:961,-1.309328694,-3.724394305,0,0,0,36,1.961,70.92
00:00:01:971,-1.285878467,-3.732555577,0,0,0,36,1.971,71.28
00:00:01:981,-1.262377375,-3.740569199,0,0,0,36,1.981,71.64
00:00:01:991,-1.238826346,-3.748434853,0,0,0,36,1.991,72
00:00:02:002,-1.215226313,-3.75615223,0,0,0,36,2.002,79.596
00:00:02:012,-1.191578208,-3.763721023,0,0,0,36,2.012,72.72
00:00:02:022,-1.167882968,-3.771140933,0,0,0,36,2.022,73.08
00:00:02:032,-1.144141529,-3.778411667,0,0,0,36,2.032,73.44
00:00:02:042,-1.120354832,-3.785532937,0,0,0,36,2.042,73.8
00:00:02:052,-1.096523815,-3.792504461,0,0,0,36,2.052,74.16
00:00:02:062,-1.072649424,-3.799325964,0,0,0,36,2.062,74.52
00:00:02:072,-1.048732601,-3.805997175,0,0,0,36,2.072,74.88
00:00:02:082,-1.024774293,-3.812517831,0,0,0,36,2.082,75.24
00:00:02:092,-1.000775448,-3.818887674,0,0,0,36,2.092,75.6
00:00:02:102,-0.976737014,-3.825106452,0,0,0,36,2.102,75.96
00:00:02:112,-0.952659944,-3.831173919,0,0,0,36,2.112,76.32
00:00:02:122,-0.928545188,-3.837089835,0,0,0,36,2.122,76.68
00:00:02:132,-0.904393702,-3.842853965,0,0,0,36,2.132,77.04
00:00:02:142,-0.880206441,-3.848466082,0,0,0,36,2.142,77.4
00:00:02:152,-0.855984361,-3.853925964,0,0,0,36,2.152,77.76
00:00:02:162,-0.83172842,-3.859233395,0,0,0,36,2.162,78.12
00:00:02:172,-0.807439579,-3.864388165,0,0,0,36,2.172,78.48
00:00:02:182,-0.783118797,-3.86939007,0,0,0,36,2.182,78.84
00:00:02:192,-0.758767037,-3.874238912,0,0,0,36,2.192,79.2
00:00:02:202,-0.734385262,-3.8789345,0,0,0,36,2.202,79.56
00:00:02:212,-0.709974437,-3.883476647,0,0,0,36,2.212,79.92
00:00:02:222,-0.685535527,-3.887865173,0,0,0,36,2.222,80.28
00:00:02:232,-0.6610695,-3.892099906,0,0,0,36,2.232,80.64
00:00:02:242,-0.636577322,-3.896180678,0,0,0,36,2.242,81
00:00:02:252,-0.612059963,-3.900107328,0,0,0,36,2.252,81.36
00:00:02:262,-0.587518392,-3.903879699,0,0,0,36,2.262,81.72
00:00:02:272,-0.56295358,-3.907497643,0,0,0,36,2.272,82.08
00:00:02:282,-0.5383665,-3.910961017,0,0,0,36,2.282,82.44
00:00:02:292,-0.513758123,-3.914269684,0,0,0,36,2.292,82.8
00:00:02:302,-0.489129424,-3.917423512,0,0,0,36,2.302,83.16
00:00:02:312,-0.464481376,-3.920422377,0,0,0,36,2.312,83.52
00:00:02:322,-0.439814954,-3.923266161,0,0,0,36,2.322,83.88
00:00:02:332,-0.415131134,-3.925954751,0,0,0,36,2.332,84.24
00:00:02:342,-0.390430892,-3.92848804,0,0,0,36,2.342,84.6
00:00:02:352,-0.365715207,-3.930865929,0,0,0,36,2.352,84.96
00:00:02:362,-0.340985054,-3.933088323,0,0,0,36,2.362,85.32
00:00:02:372,-0.316241413,-3.935155135,0,0,0,36,2.372,85.68
00:00:02:382,-0.291485262,-3.937066282,0,0,0,36,2.382,86.04
00:00:02:392,-0.266717581,-3.938821689,0,0,0,36,2.392,86.4
00:00:02:402,-0.24193935,-3.940421287,0,0,0,36,2.402,86.76
00:00:02:412,-0.217151548,-3.941865012,0,0,0,36,2.412,87.12
00:00:02:422,-0.192355156,-3.943152807,0,0,0,36,2.422,87.48
00:00:02:432,-0.167551154,-3.944284622,0,0,0,36,2.432,87.84
00:00:02:442,-0.142740525,-3.945260411,0,0,0,36,2.442,88.2
00:00:02:452,-0.11792425,-3.946080136,0,0,0,36,2.452,88.56
00:00:02:462,-0.09310331,-3.946743764,0,0,0,36,2.462,88.92
00:00:02:472,-0.068278686,-3.94725127,0,0,0,36,2.472,89.28
00:00:02:482,-0.043451362,-3.947602633,0,0,0,36,2.482,89.64
00:00:02:492,-0.018622319,-3.947797839,0,0,0,36,2.492,90
00:00:02:502,0.00620746,-3.94783688,0,0,0,36,2.502,90.36
00:00:02:512,0.031036994,-3.947719756,0,0,0,36,2.512,90.72
00:00:02:522,0.055865301,-3.94744647,0,0,0,36,2.522,91.08
00:00:02:532,0.080691397,-3.947017034,0,0,0,36,2.532,91.44
00:00:02:542,0.105514301,-3.946431464,0,0,0,36,2.542,91.8
00:00:02:552,0.130333032,-3.945689783,0,0,0,36,2.552,92.16
00:00:02:562,0.155146607,-3.944792022,0,0,0,36,2.562,92.52
00:00:02:572,0.179954045,-3.943738215,0,0,0,36,2.572,92.88
00:00:02:582,0.204754364,-3.942528404,0,0,0,36,2.582,93.24
00:00:02:592,0.229546584,-3.941162637,0,0,0,36,2.592,93.6
00:00:02:602,0.254329723,-3.939640968,0,0,0,36,2.602,93.96
00:00:02:612,0.279102802,-3.937963457,0,0,0,36,2.612,94.32
00:00:02:622,0.30386484,-3.936130171,0,0,0,36,2.622,94.68
00:00:02:632,0.328614859,-3.934141182,0,0,0,36,2.632,95.04
00:00:02:642,0.353351878,-3.931996569,0,0,0,36,2.642,95.4
00:00:02:652,0.378074919,-3.929696416,0,0,0,36,2.652,95.76
00:00:02:662,0.402783005,-3.927240815,0,0,0,36,2.662,96.12
00:00:02:672,0.427475157,-3.924629862,0,0,0,36,2.672,96.48
00:00:02:682,0.4521504,-3.921863662,0,0,0,36,2.682,96.84
00:00:02:692,0.476807757,-3.918942323,0,0,0,36,2.692,97.2
00:00:02:702,0.501446253,-3.915865961,0,0,0,36,2.702,97.56
00:00:02:712,0.526064913,-3.912634697,0,0,0,36,2.712,97.92
00:00:02:722,0.550662763,-3.90924866,0,0,0,36,2.722,98.28
00:00:02:732,0.575238831,-3.905707984,0,0,0,36,2.732,98.64
00:00:02:742,0.599792143,-3.902012808,0,0,0,36,2.742,99
00:00:02:752,0.624321729,-3.898163278,0,0,0,36,2.752,99.36
00:00:02:762,0.648826619,-3.894159548,0,0,0,36,2.762,99.72
00:00:02:772,0.673305843,-3.890001775,0,0,0,36,2.772,100.08
00:00:02:782,0.697758432,-3.885690123,0,0,0,36,2.782,100.44
00:00:02:792,0.722183421,-3.881224764,0,0,0,36,2.792,100.8
00:00:02:802,0.746579841,-3.876605874,0,0,0,36,2.802,101.16
00:00:02:812,0.770946729,-3.871833636,0,0,0,36,2.812,101.52
00:00:02:822,0.79528312,-3.866908238,0,0,0,36,2.822,101.88
00:00:02:832,0.819588052,-3.861829876,0,0,0,36,2.832,102.24
00:00:02:842,0.843860563,-3.85659875,0,0,0,36,2.842,102.6
00:00:02:852,0.868099693,-3.851215066,0,0,0,36,2.852,102.96
00:00:02:862,0.892304484,-3.845679039,0,0,0,36,2.862,103.32
00:00:02:872,0.916473977,-3.839990887,0,0,0,36,2.872,103.68
00:00:02:882,0.940607217,-3.834150835,0,0,0,36,2.882,104.04
00:00:02:892,0.964703249,-3.828159115,0,0,0,36,2.892,104.4
00:00:02:902,0.98876112,-3.822015962,0,0,0,36,2.902,104.76
00:00:02:912,1.012779878,-3.81572162,0,0,0,36,2.912,105.12
00:00:02:922,1.036758573,-3.809276339,0,0,0,36,2.922,105.48
00:00:02:932,1.060696257,-3.802680373,0,0,0,36,2.932,105.84
00:00:02:942,1.084591983,-3.795933982,0,0,0,36,2.942,106.2
00:00:02:952,1.108444804,-3.789037435,0,0,0,36,2.952,106.56
00:00:02:962,1.132253779,-3.781991003,0,0,0,36,2.962,106.92
00:00:02:972,1.156017965,-3.774794965,0,0,0,36,2.972,107.28
00:00:02:982,1.179736422,-3.767449607,0,0,0,36,2.982,107.64
00:00:02:992,1.203408211,-3.759955218,0,0,0,36,2.992,108
00:00:03:003,1.227032397,-3.752312096,0,0,0,36,3.003,119.196
00:00:03:013,1.250608044,-3.744520541,0,0,0,36,3.013,108.72
00:00:03:023,1.274134221,-3.736580864,0,0,0,36,3.023,109.08
00:00:03:033,1.297609997,-3.728493377,0,0,0,36,3.033,109.44
00:00:03:043,1.321034442,-3.720258401,0,0,0,36,3.043,109.8
00:00:03:053,1.344406631,-3.711876261,0,0,0,36,3.053,110.16
00:00:03:063,1.367725639,-3.703347289,0,0,0,36,3.063,110.52
00:00:03:073,1.390990543,-3.694671822,0,0,0,36,3.073,110.88
00:00:03:083,1.414200423,-3.685850204,0,0,0,36,3.083,111.24
00:00:03:093,1.437354361,-3.676882784,0,0,0,36,3.093,111.6
00:00:03:103,1.460451441,-3.667769916,0,0,0,36,3.103,111.96
00:00:03:113,1.483490749,-3.65851196,0,0,0,36,3.113,112.32
00:00:03:123,1.506471375,-3.649109283,0,0,0,36,3.123,112.68
00:00:03:133,1.529392408,-3.639562258,0,0,0,36,3.133,113.04
00:00:03:143,1.552252943,-3.62987126,0,0,0,36,3.143,113.4
00:00:03:153,1.575052075,-3.620036675,0,0,0,36,3.153,113.76
00:00:03:163,1.597788902,-3.61005889,0,0,0,36,3.163,114.12
00:00:03:173,1.620462524,-3.599938301,0,0,0,36,3.173,114.48
00:00:03:183,1.643072045,-3.589675308,0,0,0,36,3.183,114.84
00:00:03:193,1.665616571,-3.579270317,0,0,0,36,3.193,115.2
00:00:03:203,1.688095209,-3.56872374,0,0,0,36,3.203,115.56
00:00:03:213,1.710507071,-3.558035993,0,0,0,36,3.213,115.92
00:00:03:223,1.73285127,-3.547207499,0,0,0,36,3.223,116.28
00:00:03:233,1.755126921,-3.536238688,0,0,0,36,3.233,116.64
00:00:03:243,1.777333144,-3.525129992,0,0,0,36,3.243,117
00:00:03:253,1.799469061,-3.513881851,0,0,0,36,3.253,117.36
00:00:03:263,1.821533796,-3.50249471,0,0,0,36,3.263,117.72
00:00:03:273,1.843526475,-3.49096902,0,0,0,36,3.273,118.08
00:00:03:283,1.865446229,-3.479305237,0,0,0,36,3.283,118.44
00:00:03:293,1.887292192,-3.467503821,0,0,0,36,3.293,118.8
00:00:03:303,1.909063497,-3.45556524,0,0,0,36,3.303,119.16
00:00:03:313,1.930759286,-3.443489966,0,0,0,36,3.313,119.52
00:00:03:323,1.952378699,-3.431278476,0,0,0,36,3.323,119.88
00:00:03:333,1.97392088,-3.418931255,0,0,0,36,3.333,120.24
00:00:03:343,1.995384979,-3.406448789,0,0,0,36,3.343,120.6
00:00:03:353,2.016770145,-3.393831573,0,0,0,36,3.353,120.96
00:00:03:363,2.038075534,-3.381080106,0,0,0,36,3.363,121.32
00:00:03:373,2.059300301,-3.368194893,0,0,0,36,3.373,121.68
00:00:03:383,2.080443608,-3.355176442,0,0,0,36,3.383,122.04
00:00:03:393,2.101504618,-3.34202527,0,0,0,36,3.393,122.4
00:00:03:403,2.122482498,-3.328741896,0,0,0,36,3.403,122.76
00:00:03:413,2.143376418,-3.315326846,0,0,0,36,3.413,123.12
00:00:03:423,2.164185552,-3.30178065,0,0,0,36,3.423,123.48
00:00:03:433,2.184909077,-3.288103844,0,0,0,36,3.433,123.84
00:00:03:443,2.205546172,-3.27429697,0,0,0,36,3.443,124.2
00:00:03:453,2.226096022,-3.260360573,0,0,0,36,3.453,124.56
00:00:03:463,2.246557813,-3.246295205,0,0,0,36,3.463,124.92
00:00:03:473,2.266930736,-3.232101422,0,0,0,36,3.473,125.28
00:00:03:483,2.287213986,-3.217779786,0,0,0,36,3.483,125.64
00:00:03:493,2.307406759,-3.203330862,0,0,0,36,3.493,126
00:00:03:503,2.327508257,-3.188755224,0,0,0,36,3.503,126.36
00:00:03:513,2.347517686,-3.174053447,0,0,0,36,3.513,126.72
00:00:03:523,2.367434252,-3.159226112,0,0,0,36,3.523,127.08
00:00:03:533,2.387257169,-3.144273807,0,0,0,36,3.533,127.44
00:00:03:543,2.406985653,-3.129197122,0,0,0,36,3.543,127.8
00:00:03:553,2.426618923,-3.113996655,0,0,0,36,3.553,128.16
00:00:03:563,2.446156202,-3.098673007,0,0,0,36,3.563,128.52
00:00:03:573,2.465596717,-3.083226783,0,0,0,36,3.573,128.88
00:00:03:583,2.4849397,-3.067658594,0,0,0,36,3.583,129.24
00:00:03:593,2.504184386,-3.051969058,0,0,0,36,3.593,129.6
00:00:03:603,2.523330012,-3.036158793,0,0,0,36,3.603,129.96
00:00:03:613,2.542375822,-3.020228426,0,0,0,36,3.613,130.32
00:00:03:623,2.561321063,-3.004178587,0,0,0,36,3.623,130.68
00:00:03:633,2.580164984,-2.98800991,0,0,0,36,3.633,131.04
00:00:03:643,2.598906841,-2.971723035,0,0,0,36,3.643,131.4
00:00:03:653,2.617545892,-2.955318607,0,0,0,36,3.653,131.76
00:00:03:663,2.636081399,-2.938797275,0,0,0,36,3.663,132.12
00:00:03:673,2.654512631,-2.922159691,0,0,0,36,3.673,132.48
00:00:03:683,2.672838856,-2.905406514,0,0,0,36,3.683,132.84
00:00:03:693,2.691059352,-2.888538407,0,0,0,36,3.693,133.2
00:00:03:703,2.709173396,-2.871556038,0,0,0,36,3.703,133.56
00:00:03:713,2.727180272,-2.854460077,0,0,0,36,3.713,133.92
00:00:03:723,2.745079268,-2.837251201,0,0,0,36,3.723,134.28
00:00:03:733,2.762869677,-2.819930091,0,0,0,36,3.733,134.64
00:00:03:743,2.780550793,-2.802497432,0,0,0,36,3.743,135
00:00:03:753,2.798121918,-2.784953913,0,0,0,36,3.753,135.36
00:00:03:763,2.815582357,-2.767300229,0,0,0,36,3.763,135.72
00:00:03:773,2.832931418,-2.749537078,0,0,0,36,3.773,136.08
00:00:03:783,2.850168417,-2.731665163,0,0,0,36,3.783,136.44
00:00:03:793,2.86729267,-2.71368519,0,0,0,36,3.793,136.8
00:00:03:803,2.884303501,-2.695597871,0,0,0,36,3.803,137.16
00:00:03:813,2.901200236,-2.677403921,0,0,0,36,3.813,137.52
00:00:03:823,2.917982208,-2.65910406,0,0,0,36,3.823,137.88
00:00:03:833,2.934648752,-2.640699012,0,0,0,36,3.833,138.24
00:00:03:843,2.951199209,-2.622189504,0,0,0,36,3.843,138.6
00:00:03:853,2.967632924,-2.60357627,0,0,0,36,3.853,138.96
00:00:03:863,2.983949247,-2.584860046,0,0,0,36,3.863,139.32
00:00:03:873,3.000147533,-2.566041571,0,0,0,36,3.873,139.68
00:00:03:883,3.016227142,-2.54712159,0,0,0,36,3.883,140.04
00:00:03:893,3.032187436,-2.528100852,0,0,0,36,3.893,140.4
00:00:03:903,3.048027785,-2.508980109,0,0,0,36,3.903,140.76
00:00:03:913,3.063747562,-2.489760117,0,0,0,36,3.913,141.12
00:00:03:923,3.079346146,-2.470441637,0,0,0,36,3.923,141.48
00:00:03:933,3.094822918,-2.451025432,0,0,0,36,3.933,141.84
00:00:03:943,3.110177268,-2.431512272,0,0,0,36,3.943,142.2
00:00:03:953,3.125408587,-2.411902927,0,0,0,36,3.953,142.56
00:00:03:963,3.140516273,-2.392198174,0,0,0,36,3.963,142.92
00:00:03:973,3.155499729,-2.372398792,0,0,0,36,3.973,143.28
00:00:03:983,3.170358361,-2.352505564,0,0,0,36,3.983,143.64
00:00:03:993,3.185091582,-2.332519277,0,0,0,36,3.993,144
00:00:04:004,3.19969881,-2.312440722,0,0,0,36,4.004,158.796
00:00:04:014,3.214179466,-2.292270692,0,0,0,36,4.014,144.72
00:00:04:024,3.228532977,-2.272009987,0,0,0,36,4.024,145.08
00:00:04:034,3.242758776,-2.251659407,0,0,0,36,4.034,145.44
00:00:04:044,3.256856301,-2.231219757,0,0,0,36,4.044,145.8
00:00:04:054,3.270824992,-2.210691846,0,0,0,36,4.054,146.16
00:00:04:064,3.284664299,-2.190076485,0,0,0,36,4.064,146.52
00:00:04:074,3.298373672,-2.169374491,0,0,0,36,4.074,146.88
00:00:04:084,3.311952571,-2.148586683,0,0,0,36,4.084,147.24
00:00:04:094,3.325400458,-2.127713882,0,0,0,36,4.094,147.6
00:00:04:104,3.3387168,-2.106756914,0,0,0,36,4.104,147.96
00:00:04:114,3.351901072,-2.085716608,0,0,0,36,4.114,148.32
00:00:04:124,3.364952751,-2.064593797,0,0,0,36,4.124,148.68
00:00:04:134,3.377871322,-2.043389316,0,0,0,36,4.134,149.04
00:00:04:144,3.390656273,-2.022104004,0,0,0,36,4.144,149.4
00:00:04:154,3.403307098,-2.000738703,0,0,0,36,4.154,149.76
00:00:04:164,3.415823298,-1.979294258,0,0,0,36,4.164,150.12
00:00:04:174,3.428204377,-1.957771518,0,0,0,36,4.174,150.48
00:00:04:184,3.440449845,-1.936171333,0,0,0,36,4.184,150.84
00:00:04:194,3.452559218,-1.914494558,0,0,0,36,4.194,151.2
00:00:04:204,3.464532017,-1.892742051,0,0,0,36,4.204,151.56
00:00:04:214,3.476367768,-1.870914672,0,0,0,36,4.214,151.92
00:00:04:224,3.488066003,-1.849013284,0,0,0,36,4.224,152.28
00:00:04:234,3.499626259,-1.827038755,0,0,0,36,4.234,152.64
00:00:04:244,3.51104808,-1.804991952,0,0,0,36,4.244,153
00:00:04:254,3.522331012,-1.782873749,0,0,0,36,4.254,153.36
00:00:04:264,3.533474611,-1.76068502,0,0,0,36,4.264,153.72
00:00:04:274,3.544478434,-1.738426643,0,0,0,36,4.274,154.08
00:00:04:284,3.555342048,-1.716099499,0,0,0,36,4.284,154.44
00:00:04:294,3.566065021,-1.69370447,0,0,0,36,4.294,154.8
00:00:04:304,3.57664693,-1.671242442,0,0,0,36,4.304,155.16
00:00:04:314,3.587087357,-1.648714305,0,0,0,36,4.314,155.52
00:00:04:324,3.597385888,-1.626120949,0,0,0,36,4.324,155.88
00:00:04:334,3.607542115,-1.603463268,0,0,0,36,4.334,156.24
00:00:04:344,3.617555638,-1.580742158,0,0,0,36,4.344,156.6
00:00:04:354,3.62742606,-1.557958518,0,0,0,36,4.354,156.96
00:00:04:364,3.637152991,-1.535113249,0,0,0,36,4.364,157.32
00:00:04:374,3.646736045,-1.512207256,0,0,0,36,4.374,157.68
00:00:04:384,3.656174844,-1.489241443,0,0,0,36,4.384,158.04
00:00:04:394,3.665469014,-1.46621672,0,0,0,36,4.394,158.4
00:00:04:404,3.674618189,-1.443133997,0,0,0,36,4.404,158.76
00:00:04:414,3.683622005,-1.419994188,0,0,0,36,4.414,159.12
00:00:04:424,3.692480106,-1.396798207,0,0,0,36,4.424,159.48
00:00:04:434,3.701192143,-1.373546973,0,0,0,36,4.434,159.84
00:00:04:444,3.70975777,-1.350241405,0,0,0,36,4.444,160.2
00:00:04:454,3.718176649,-1.326882425,0,0,0,36,4.454,160.56
00:00:04:464,3.726448447,-1.303470957,0,0,0,36,4.464,160.92
00:00:04:474,3.734572837,-1.280007927,0,0,0,36,4.474,161.28
00:00:04:484,3.742549496,-1.256494263,0,0,0,36,4.484,161.64
00:00:04:494,3.750378111,-1.232930896,0,0,0,36,4.494,162
00:00:04:504,3.75805837,-1.209318757,0,0,0,36,4.504,162.36
00:00:04:514,3.76558997,-1.185658781,0,0,0,36,4.514,162.72
00:00:04:524,3.772972613,-1.161951903,0,0,0,36,4.524,163.08
00:00:04:534,3.780206008,-1.138199061,0,0,0,36,4.534,163.44
00:00:04:544,3.787289868,-1.114401196,0,0,0,36,4.544,163.8
00:00:04:554,3.794223912,-1.090559247,0,0,0,36,4.554,164.16
00:00:04:564,3.801007867,-1.066674159,0,0,0,36,4.564,164.52
00:00:04:574,3.807641464,-1.042746876,0,0,0,36,4.574,164.88
00:00:04:584,3.814124441,-1.018778345,0,0,0,36,4.584,165.24
00:00:04:594,3.820456541,-0.994769513,0,0,0,36,4.594,165.6
00:00:04:604,3.826637514,-0.970721332,0,0,0,36,4.604,165.96
00:00:04:614,3.832667115,-0.946634751,0,0,0,36,4.614,166.32
00:00:04:624,3.838545106,-0.922510723,0,0,0,36,4.624,166.68
00:00:04:634,3.844271254,-0.898350204,0,0,0,36,4.634,167.04
00:00:04:644,3.849845333,-0.874154148,0,0,0,36,4.644,167.4
00:00:04:654,3.855267123,-0.849923513,0,0,0,36,4.654,167.76
00:00:04:664,3.860536408,-0.825659257,0,0,0,36,4.664,168.12
00:00:04:674,3.86565298,-0.80136234,0,0,0,36,4.674,168.48
00:00:04:684,3.870616638,-0.777033723,0,0,0,36,4.684,168.84
00:00:04:694,3.875427184,-0.752674369,0,0,0,36,4.694,169.2
00:00:04:704,3.880084428,-0.728285242,0,0,0,36,4.704,169.56
00:00:04:714,3.884588187,-0.703867305,0,0,0,36,4.714,169.92
00:00:04:724,3.888938281,-0.679421525,0,0,0,36,4.724,170.28
00:00:04:734,3.89313454,-0.654948869,0,0,0,36,4.734,170.64
00:00:04:744,3.897176796,-0.630450305,0,0,0,36,4.744,171
00:00:04:754,3.90106489,-0.605926802,0,0,0,36,4.754,171.36
00:00:04:764,3.904798668,-0.58137933,0,0,0,36,4.764,171.72
00:00:04:774,3.908377983,-0.55680886,0,0,0,36,4.774,172.08
00:00:04:784,3.911802693,-0.532216364,0,0,0,36,4.784,172.44
00:00:04:794,3.915072662,-0.507602816,0,0,0,36,4.794,172.8
00:00:04:804,3.918187761,-0.482969188,0,0,0,36,4.804,173.16
00:00:04:814,3.921147867,-0.458316454,0,0,0,36,4.814,173.52
00:00:04:824,3.923952862,-0.433645592,0,0,0,36,4.824,173.88
00:00:04:834,3.926602637,-0.408957575,0,0,0,36,4.834,174.24
00:00:04:844,3.929097085,-0.384253381,0,0,0,36,4.844,174.6
00:00:04:854,3.931436109,-0.359533987,0,0,0,36,4.854,174.96
00:00:04:864,3.933619615,-0.33480037,0,0,0,36,4.864,175.32
00:00:04:874,3.935647518,-0.31005351,0,0,0,36,4.874,175.68
00:00:04:884,3.937519737,-0.285294385,0,0,0,36,4.884,176.04
00:00:04:894,3.939236198,-0.260523974,0,0,0,36,4.894,176.4
00:00:04:904,3.940796833,-0.235743258,0,0,0,36,4.904,176.76
00:00:04:914,3.942201581,-0.210953217,0,0,0,36,4.914,177.12
00:00:04:924,3.943450386,-0.18615483,0,0,0,36,4.924,177.48
00:00:04:934,3.944543198,-0.16134908,0,0,0,36,4.934,177.84
00:00:04:944,3.945479974,-0.136536947,0,0,0,36,4.944,178.2
00:00:04:954,3.946260678,-0.111719414,0,0,0,36,4.954,178.56
00:00:04:964,3.946885278,-0.086897461,0,0,0,36,4.964,178.92
00:00:04:974,3.947353749,-0.06207207,0,0,0,36,4.974,179.28
00:00:04:984,3.947666074,-0.037244224,0,0,0,36,4.984,179.64
00:00:04:994,3.94782224,-0.012414905,0,0,0,36,4.994,180
00:00:05:005,3.94782224,0.012414905,0,0,0,36,5.005,198.396
00:00:05:015,3.947666074,0.037244224,0,0,0,36,5.015,180.72
00:00:05:025,3.947353749,0.06207207,0,0,0,36,5.025,181.08
00:00:05:035,3.946885278,0.086897461,0,0,0,36,5.035,181.44
00:00:05:045,3.946260678,0.111719414,0,0,0,36,5.045,181.8
00:00:05:055,3.945479974,0.136536947,0,0,0,36,5.055,182.16
00:00:05:065,3.944543198,0.16134908,0,0,0,36,5.065,182.52
00:00:05:075,3.943450386,0.18615483,0,0,0,36,5.075,182.88
00:00:05:085,3.942201581,0.210953217,0,0,0,36,5.085,183.24
00:00:05:095,3.940796833,0.235743258,0,0,0,36,5.095,183.6
00:00:05:105,3.939236198,0.260523974,0,0,0,36,5.105,183.96
00:00:05:115,3.937519737,0.285294385,0,0,0,36,5.115,184.32
00:00:05:125,3.935647518,0.31005351,0,0,0,36,5.125,184.68
00:00:05:135,3.933619615,0.33480037,0,0,0,36,5.135,185.04
00:00:05:145,3.931436109,0.359533987,0,0,0,36,5.145,185.4
00:00:05:155,3.929097085,0.384253381,0,0,0,36,5.155,185.76
00:00:05:165,3.926602637,0.408957575,0,0,0,36,5.165,186.12
00:00:05:175,3.923952862,0.433645592,0,0,0,36,5.175,186.48
00:00:05:185,3.921147867,0.458316454,0,0,0,36,5.185,186.84
00:00:05:195,3.918187761,0.482969188,0,0,0,36,5.195,187.2
00:00:05:205,3.915072662,0.507602816,0,0,0,36,5.205,187.56
00:00:05:215,3.911802693,0.532216364,0,0,0,36,5.215,187.92
00:00:05:225,3.908377983,0.55680886,0,0,0,36,5.225,188.28
00:00:05:235,3.904798668,0.58137933,0,0,0,36,5.235,188.64
00:00:05:245,3.90106489,0.605926802,0,0,0,36,5.245,189
00:00:05:255,3.897176796,0.630450305,0,0,0,36,5.255,189.36
00:00:05:265,3.89313454,0.654948869,0,0,0,36,5.265,189.72
00:00:05:275,3.888938281,0.679421525,0,0,0,36,5.275,190.08
00:00:05:285,3.884588187,0.703867305,0,0,0,36,5.285,190.44
00:00:05:295,3.880084428,0.728285242,0,0,0,36,5.295,190.8
00:00:05:305,3.875427184,0.752674369,0,0,0,36,5.305,191.16
00:00:05:315,3.870616638,0.777033723,0,0,0,36,5.315,191.52
00:00:05:325,3.86565298,0.80136234,0,0,0,36,5.325,191.88
00:00:05:335,3.860536408,0.825659257,0,0,0,36,5.335,192.24
00:00:05:345,3.855267123,0.849923513,0,0,0,36,5.345,192.6
00:00:05:355,3.849845333,0.874154148,0,0,0,36,5.355,192.96
00:00:05:365,3.844271254,0.898350204,0,0,0,36,5.365,193.32
00:00:05:375,3.838545106,0.922510723,0,0,0,36,5.375,193.68
00:00:05:385,3.832667115,0.946634751,0,0,0,36,5.385,194.04
00:00:05:395,3.826637514,0.970721332,0,0,0,36,5.395,194.4
00:00:05:405,3.820456541,0.994769513,0,0,0,36,5.405,194.76
00:00:05:415,3.814124441,1.018778345,0,0,0,36,5.415,195.12
00:00:05:425,3.807641464,1.042746876,0,0,0,36,5.425,195.48
00:00:05:435,3.801007867,1.066674159,0,0,0,36,5.435,195.84
00:00:05:445,3.794223912,1.090559247,0,0,0,36,5.445,196.2
00:00:05:455,3.787289868,1.114401196,0,0,0,36,5.455,196.56
00:00:05:465,3.780206008,1.138199061,0,0,0,36,5.465,196.92
00:00:05:475,3.772972613,1.161951903,0,0,0,36,5.475,197.28
00:00:05:485,3.76558997,1.185658781,0,0,0,36,5.485,197.64
00:00:05:495,3.75805837,1.209318757,0,0,0,36,5.495,198
00:00:05:505,3.750378111,1.232930896,0,0,0,36,5.505,198.36
00:00:05:515,3.742549496,1.256494263,0,0,0,36,5.515,198.72
00:00:05:525,3.734572837,1.280007927,0,0,0,36,5.525,199.08
00:00:05:535,3.726448447,1.303470957,0,0,0,36,5.535,199.44
00:00:05:545,3.718176649,1.326882425,0,0,0,36,5.545,199.8
00:00:05:555,3.70975777,1.350241405,0,0,0,36,5.555,200.16
00:00:05:565,3.701192143,1.373546973,0,0,0,36,5.565,200.52
00:00:05:575,3.692480106,1.396798207,0,0,0,36,5.575,200.88
00:00:05:585,3.683622005,1.419994188,0,0,0,36,5.585,201.24
00:00:05:595,3.674618189,1.443133997,0,0,0,36,5.595,201.6
00:00:05:605,3.665469014,1.46621672,0,0,0,36,5.605,201.96
00:00:05:615,3.656174844,1.489241443,0,0,0,36,5.615,202.32
00:00:05:625,3.646736045,1.512207256,0,0,0,36,5.625,202.68
00:00:05:635,3.637152991,1.535113249,0,0,0,36,5.635,203.04
00:00:05:645,3.62742606,1.557958518,0,0,0,36,5.645,203.4
00:00:05:655,3.617555638,1.580742158,0,0,0,36,5.655,203.76
00:00:05:665,3.607542115,1.603463268,0,0,0,36,5.665,204.12
00:00:05:675,3.597385888,1.626120949,0,0,0,36,5.675,204.48
00:00:05:685,3.587087357,1.648714305,0,0,0,36,5.685,204.84
00:00:05:695,3.57664693,1.671242442,0,0,0,36,5.695,205.2
00:00:05:705,3.566065021,1.69370447,0,0,0,36,5.705,205.56
00:00:05:715,3.555342048,1.716099499,0,0,0,36,5.715,205.92
00:00:05:725,3.544478434,1.738426643,0,0,0,36,5.725,206.28
00:00:05:735,3.533474611,1.76068502,0,0,0,36,5.735,206.64
00:00:05:745,3.522331012,1.782873749,0,0,0,36,5.745,207
00:00:05:755,3.51104808,1.804991952,0,0,0,36,5.755,207.36
00:00:05:765,3.499626259,1.827038755,0,0,0,36,5.765,207.72
00:00:05:775,3.488066003,1.849013284,0,0,0,36,5.775,208.08
00:00:05:785,3.476367768,1.870914672,0,0,0,36,5.785,208.44
00:00:05:795,3.464532017,1.892742051,0,0,0,36,5.795,208.8
00:00:05:805,3.452559218,1.914494558,0,0,0,36,5.805,209.16
00:00:05:815,3.440449845,1.936171333,0,0,0,36,5.815,209.52
00:00:05:825,3.428204377,1.957771518,0,0,0,36,5.825,209.88
00:00:05:835,3.415823298,1.979294258,0,0,0,36,5.835,210.24
00:00:05:845,3.403307098,2.000738703,0,0,0,36,5.845,210.6
00:00:05:855,3.390656273,2.022104004,0,0,0,36,5.855,210.96
00:00:05:865,3.377871322,2.043389316,0,0,0,36,5.865,211.32
00:00:05:875,3.364952751,2.064593797,0,0,0,36,5.875,211.68
00:00:05:885,3.351901072,2.085716608,0,0,0,36,5.885,212.04
00:00:05:895,3.3387168,2.106756914,0,0,0,36,5.895,212.4
00:00:05:905,3.325400458,2.127713882,0,0,0,36,5.905,212.76
00:00:05:915,3.311952571,2.148586683,0,0,0,36,5.915,213.12
00:00:05:925,3.298373672,2.169374491,0,0,0,36,5.925,213.48
00:00:05:935,3.284664299,2.190076485,0,0,0,36,5.935,213.84
00:00:05:945,3.270824992,2.210691846,0,0,0,36,5.945,214.2
00:00:05:955,3.256856301,2.231219757,0,0,0,36,5.955,214.56
00:00:05:965,3.242758776,2.251659407,0,0,0,36,5.965,214.92
00:00:05:975,3.228532977,2.272009987,0,0,0,36,5.975,215.28
00:00:05:985,3.214179466,2.292270692,0,0,0,36,5.985,215.64
00:00:05:995,3.19969881,2.312440722,0,0,0,36,5.995,216
00:00:06:006,3.185091582,2.332519277,0,0,0,36,6.006,237.996
00:00:06:016,3.170358361,2.352505564,0,0,0,36,6.016,216.72
00:00:06:026,3.155499729,2.372398792,0,0,0,36,6.026,217.08
00:00:06:036,3.140516273,2.392198174,0,0,0,36,6.036,217.44
00:00:06:046,3.125408587,2.411902927,0,0,0,36,6.046,217.8
00:00:06:056,3.110177268,2.431512272,0,0,0,36,6.056,218.16
00:00:06:066,3.094822918,2.451025432,0,0,0,36,6.066,218.52
00:00:06:076,3.079346146,2.470441637,0,0,0,36,6.076,218.88
00:00:06:086,3.063747562,2.489760117,0,0,0,36,6.086,219.24
00:00:06:096,3.048027785,2.508980109,0,0,0,36,6.096,219.6
00:00:06:106,3.032187436,2.528100852,0,0,0,36,6.106,219.96
00:00:06:116,3.016227142,2.54712159,0,0,0,36,6.116,220.32
00:00:06:126,3.000147533,2.566041571,0,0,0,36,6.126,220.68
00:00:06:136,2.983949247,2.584860046,0,0,0,36,6.136,221.04
00:00:06:146,2.967632924,2.60357627,0,0,0,36,6.146,221.4
00:00:06:156,2.951199209,2.622189504,0,0,0,36,6.156,221.76
00:00:06:166,2.934648752,2.640699012,0,0,0,36,6.166,222.12
00:00:06:176,2.917982208,2.65910406,0,0,0,36,6.176,222.48
00:00:06:186,2.901200236,2.677403921,0,0,0,36,6.186,222.84
00:00:06:196,2.884303501,2.695597871,0,0,0,36,6.196,223.2
00:00:06:206,2.86729267,2.71368519,0,0,0,36,6.206,223.56
00:00:06:216,2.850168417,2.731665163,0,0,0,36,6.216,223.92
00:00:06:226,2.832931418,2.749537078,0,0,0,36,6.226,224.28
00:00:06:236,2.815582357,2.767300229,0,0,0,36,6.236,224.64
00:00:06:246,2.798121918,2.784953913,0,0,0,36,6.246,225
00:00:06:256,2.780550793,2.802497432,0,0,0,36,6.256,225.36
00:00:06:266,2.762869677,2.819930091,0,0,0,36,6.266,225.72
00:00:06:276,2.745079268,2.837251201,0,0,0,36,6.276,226.08
00:00:06:286,2.727180272,2.854460077,0,0,0,36,6.286,226.44
00:00:06:296,2.709173396,2.871556038,0,0,0,36,6.296,226.8
00:00:06:306,2.691059352,2.888538407,0,0,0,36,6.306,227.16
00:00:06:316,2.672838856,2.905406514,0,0,0,36,6.316,227.52
00:00:06:326,2.654512631,2.922159691,0,0,0,36,6.326,227.88
00:00:06:336,2.636081399,2.938797275,0,0,0,36,6.336,228.24
00:00:06:346,2.617545892,2.955318607,0,0,0,36,6.346,228.6
00:00:06:356,2.598906841,2.971723035,0,0,0,36,6.356,228.96
00:00:06:366,2.580164984,2.98800991,0,0,0,36,6.366,229.32
00:00:06:376,2.561321063,3.004178587,0,0,0,36,6.376,229.68
00:00:06:386,2.542375822,3.020228426,0,0,0,36,6.386,230.04
00:00:06:396,2.523330012,3.036158793,0,0,0,36,6.396,230.4
00:00:06:406,2.504184386,3.051969058,0,0,0,36,6.406,230.76
00:00:06:416,2.4849397,3.067658594,0,0,0,36,6.416,231.12
00:00:06:426,2.465596717,3.083226783,0,0,0,36,6.426,231.48
00:00:06:436,2.446156202,3.098673007,0,0,0,36,6.436,231.84
00:00:06:446,2.426618923,3.113996655,0,0,0,36,6.446,232.2
00:00:06:456,2.406985653,3.129197122,0,0,0,36,6.456,232.56
00:00:06:466,2.387257169,3.144273807,0,0,0,36,6.466,232.92
00:00:06:476,2.367434252,3.159226112,0,0,0,36,6.476,233.28
00:00:06:486,2.347517686,3.174053447,0,0,0,36,6.486,233.64
00:00:06:496,2.327508257,3.188755224,0,0,0,36,6.496,234
00:00:06:506,2.307406759,3.203330862,0,0,0,36,6.506,234.36
00:00:06:516,2.287213986,3.217779786,0,0,0,36,6.516,234.72
00:00:06:526,2.266930736,3.232101422,0,0,0,36,6.526,235.08
00:00:06:536,2.246557813,3.246295205,0,0,0,36,6.536,235.44
00:00:06:546,2.226096022,3.260360573,0,0,0,36,6.546,235.8
00:00:06:556,2.205546172,3.27429697,0,0,0,36,6.556,236.16
00:00:06:566,2.184909077,3.288103844,0,0,0,36,6.566,236.52
00:00:06:576,2.164185552,3.30178065,0,0,0,36,6.576,236.88
00:00:06:586,2.143376418,3.315326846,0,0,0,36,6.586,237.24
00:00:06:596,2.122482498,3.328741896,0,0,0,36,6.596,237.6
00:00:06:606,2.101504618,3.34202527,0,0,0,36,6.606,237.96
00:00:06:616,2.080443608,3.355176442,0,0,0,36,6.616,238.32
00:00:06:626,2.059300301,3.368194893,0,0,0,36,6.626,238.68
00:00:06:636,2.038075534,3.381080106,0,0,0,36,6.636,239.04
00:00:06:646,2.016770145,3.393831573,0,0,0,36,6.646,239.4
00:00:06:656,1.995384979,3.406448789,0,0,0,36,6.656,239.76
00:00:06:666,1.97392088,3.418931255,0,0,0,36,6.666,240.12
00:00:06:676,1.952378699,3.431278476,0,0,0,36,6.676,240.48
00:00:06:686,1.930759286,3.443489966,0,0,0,36,6.686,240.84
00:00:06:696,1.909063497,3.45556524,0,0,0,36,6.696,241.2
00:00:06:706,1.887292192,3.467503821,0,0,0,36,6.706,241.56
00:00:06:716,1.865446229,3.479305237,0,0,0,36,6.716,241.92
00:00:06:726,1.843526475,3.49096902,0,0,0,36,6.726,242.28
00:00:06:736,1.821533796,3.50249471,0,0,0,36,6.736,242.64
00:00:06:746,1.799469061,3.513881851,0,0,0,36,6.746,243
00:00:06:756,1.777333144,3.525129992,0,0,0,36,6.756,243.36
00:00:06:766,1.755126921,3.536238688,0,0,0,36,6.766,243.72
00:00:06:776,1.73285127,3.547207499,0,0,0,36,6.776,244.08
00:00:06:786,1.710507071,3.558035993,0,0,0,36,6.786,244.44
00:00:06:796,1.688095209,3.56872374,0,0,0,36,6.796,244.8
00:00:06:806,1.665616571,3.579270317,0,0,0,36,6.806,245.16
00:00:06:816,1.643072045,3.589675308,0,0,0,36,6.816,245.52
00:00:06:826,1.620462524,3.599938301,0,0,0,36,6.826,245.88
00:00:06:836,1.597788902,3.61005889,0,0,0,36,6.836,246.24
00:00:06:846,1.575052075,3.620036675,0,0,0,36,6.846,246.6
00:00:06:856,1.552252943,3.62987126,0,0,0,36,6.856,246.96
00:00:06:866,1.529392408,3.639562258,0,0,0,36,6.866,247.32
00:00:06:876,1.506471375,3.649109283,0,0,0,36,6.876,247.68
00:00:06:886,1.483490749,3.65851196,0,0,0,36,6.886,248.04
00:00:06:896,1.460451441,3.667769916,0,0,0,36,6.896,248.4
00:00:06:906,1.437354361,3.676882784,0,0,0,36,6.906,248.76
00:00:06:916,1.414200423,3.685850204,0,0,0,36,6.916,249.12
00:00:06:926,1.390990543,3.694671822,0,0,0,36,6.926,249.48
00:00:06:936,1.367725639,3.703347289,0,0,0,36,6.936,249.84
00:00:06:946,1.344406631,3.711876261,0,0,0,36,6.946,250.2
00:00:06:956,1.321034442,3.720258401,0,0,0,36,6.956,250.56
00:00:06:966,1.297609997,3.728493377,0,0,0,36,6.966,250.92
00:00:06:976,1.274134221,3.736580864,0,0,0,36,6.976,251.28
00:00:06:986,1.250608044,3.744520541,0,0,0,36,6.986,251.64
00:00:06:996,1.227032397,3.752312096,0,0,0,36,6.996,252
00:00:07:007,1.203408211,3.759955218,0,0,0,36,7.007,277.596
00:00:07:017,1.179736422,3.767449607,0,0,0,36,7.017,252.72
00:00:07:027,1.156017965,3.774794965,0,0,0,36,7.027,253.08
00:00:07:037,1.132253779,3.781991003,0,0,0,36,7.037,253.44
00:00:07:047,1.108444804,3.789037435,0,0,0,36,7.047,253.8
00:00:07:057,1.084591983,3.795933982,0,0,0,36,7.057,254.16
00:00:07:067,1.060696257,3.802680373,0,0,0,36,7.067,254.52
00:00:07:077,1.036758573,3.809276339,0,0,0,36,7.077,254.88
00:00:07:087,1.012779878,3.81572162,0,0,0,36,7.087,255.24
00:00:07:097,0.98876112,3.822015962,0,0,0,36,7.097,255.6
00:00:07:107,0.964703249,3.828159115,0,0,0,36,7.107,255.96
00:00:07:117,0.940607217,3.834150835,0,0,0,36,7.117,256.32
00:00:07:127,0.916473977,3.839990887,0,0,0,36,7.127,256.68
00:00:07:137,0.892304484,3.845679039,0,0,0,36,7.137,257.04
00:00:07:147,0.868099693,3.851215066,0,0,0,36,7.147,257.4
00:00:07:157,0.843860563,3.85659875,0,0,0,36,7.157,257.76
00:00:07:167,0.819588052,3.861829876,0,0,0,36,7.167,258.12
00:00:07:177,0.79528312,3.866908238,0,0,0,36,7.177,258.48
00:00:07:187,0.770946729,3.871833636,0,0,0,36,7.187,258.84
00:00:07:197,0.746579841,3.876605874,0,0,0,36,7.197,259.2
00:00:07:207,0.722183421,3.881224764,0,0,0,36,7.207,259.56
00:00:07:217,0.697758432,3.885690123,0,0,0,36,7.217,259.92
00:00:07:227,0.673305843,3.890001775,0,0,0,36,7.227,260.28
00:00:07:237,0.648826619,3.894159548,0,0,0,36,7.237,260.64
00:00:07:247,0.624321729,3.898163278,0,0,0,36,7.247,261
00:00:07:257,0.599792143,3.902012808,0,0,0,36,7.257,261.36
00:00:07:267,0.575238831,3.905707984,0,0,0,36,7.267,261.72
00:00:07:277,0.550662763,3.90924866,0,0,0,36,7.277,262.08
00:00:07:287,0.526064913,3.912634697,0,0,0,36,7.287,262.44
00:00:07:297,0.501446253,3.915865961,0,0,0,36,7.297,262.8
00:00:07:307,0.476807757,3.918942323,0,0,0,36,7.307,263.16
00:00:07:317,0.4521504,3.921863662,0,0,0,36,7.317,263.52
00:00:07:327,0.427475157,3.924629862,0,0,0,36,7.327,263.88
00:00:07:337,0.402783005,3.927240815,0,0,0,36,7.337,264.24
00:00:07:347,0.378074919,3.929696416,0,0,0,36,7.347,264.6
00:00:07:357,0.353351878,3.931996569,0,0,0,36,7.357,264.96
00:00:07:367,0.328614859,3.934141182,0,0,0,36,7.367,265.32
00:00:07:377,0.30386484,3.936130171,0,0,0,36,7.377,265.68
00:00:07:387,0.279102802,3.937963457,0,0,0,36,7.387,266.04
00:00:07:397,0.254329723,3.939640968,0,0,0,36,7.397,266.4
00:00:07:407,0.229546584,3.941162637,0,0,0,36,7.407,266.76
00:00:07:417,0.204754364,3.942528404,0,0,0,36,7.417,267.12
00:00:07:427,0.179954045,3.943738215,0,0,0,36,7.427,267.48
00:00:07:437,0.155146607,3.944792022,0,0,0,36,7.437,267.84
00:00:07:447,0.130333032,3.945689783,0,0,0,36,7.447,268.2
00:00:07:457,0.105514301,3.946431464,0,0,0,36,7.457,268.56
00:00:07:467,0.080691397,3.947017034,0,0,0,36,7.467,268.92
00:00:07:477,0.055865301,3.94744647,0,0,0,36,7.477,269.28
00:00:07:487,0.031036994,3.947719756,0,0,0,36,7.487,269.64
00:00:07:497,0.00620746,3.94783688,0,0,0,36,7.497,270
00:00:07:507,-0.018622319,3.947797839,0,0,0,36,7.507,270.36
00:00:07:517,-0.043451362,3.947602633,0,0,0,36,7.517,270.72
00:00:07:527,-0.068278686,3.94725127,0,0,0,36,7.527,271.08
00:00:07:537,-0.09310331,3.946743764,0,0,0,36,7.537,271.44
00:00:07:547,-0.11792425,3.946080136,0,0,0,36,7.547,271.8
00:00:07:557,-0.142740525,3.945260411,0,0,0,36,7.557,272.16
00:00:07:567,-0.167551154,3.944284622,0,0,0,36,7.567,272.52
00:00:07:577,-0.192355156,3.943152807,0,0,0,36,7.577,272.88
00:00:07:587,-0.217151548,3.941865012,0,0,0,36,7.587,273.24
00:00:07:597,-0.24193935,3.940421287,0,0,0,36,7.597,273.6
00:00:07:607,-0.266717581,3.938821689,0,0,0,36,7.607,273.96
00:00:07:617,-0.291485262,3.937066282,0,0,0,36,7.617,274.32
00:00:07:627,-0.316241413,3.935155135,0,0,0,36,7.627,274.68
00:00:07:637,-0.340985054,3.933088323,0,0,0,36,7.637,275.04
00:00:07:647,-0.365715207,3.930865929,0,0,0,36,7.647,275.4
00:00:07:657,-0.390430892,3.92848804,0,0,0,36,7.657,275.76
00:00:07:667,-0.415131134,3.925954751,0,0,0,36,7.667,276.12
00:00:07:677,-0.439814954,3.923266161,0,0,0,36,7.677,276.48
00:00:07:687,-0.464481376,3.920422377,0,0,0,36,7.687,276.84
00:00:07:697,-0.489129424,3.917423512,0,0,0,36,7.697,277.2
00:00:07:707,-0.513758123,3.914269684,0,0,0,36,7.707,277.56
00:00:07:717,-0.5383665,3.910961017,0,0,0,36,7.717,277.92
00:00:07:727,-0.56295358,3.907497643,0,0,0,36,7.727,278.28
00:00:07:737,-0.587518392,3.903879699,0,0,0,36,7.737,278.64
00:00:07:747,-0.612059963,3.900107328,0,0,0,36,7.747,279
00:00:07:757,-0.636577322,3.896180678,0,0,0,36,7.757,279.36
00:00:07:767,-0.6610695,3.892099906,0,0,0,36,7.767,279.72
00:00:07:777,-0.685535527,3.887865173,0,0,0,36,7.777,280.08
00:00:07:787,-0.709974437,3.883476647,0,0,0,36,7.787,280.44
00:00:07:797,-0.734385262,3.8789345,0,0,0,36,7.797,280.8
00:00:07:807,-0.758767037,3.874238912,0,0,0,36,7.807,281.16
00:00:07:817,-0.783118797,3.86939007,0,0,0,36,7.817,281.52
00:00:07:827,-0.807439579,3.864388165,0,0,0,36,7.827,281.88
00:00:07:837,-0.83172842,3.859233395,0,0,0,36,7.837,282.24
00:00:07:847,-0.855984361,3.853925964,0,0,0,36,7.847,282.6
00:00:07:857,-0.880206441,3.848466082,0,0,0,36,7.857,282.96
00:00:07:867,-0.904393702,3.842853965,0,0,0,36,7.867,283.32
00:00:07:877,-0.928545188,3.837089835,0,0,0,36,7.877,283.68
00:00:07:887,-0.952659944,3.831173919,0,0,0,36,7.887,284.04
00:00:07:897,-0.976737014,3.825106452,0,0,0,36,7.897,284.4
00:00:07:907,-1.000775448,3.818887674,0,0,0,36,7.907,284.76
00:00:07:917,-1.024774293,3.812517831,0,0,0,36,7.917,285.12
00:00:07:927,-1.048732601,3.805997175,0,0,0,36,7.927,285.48
00:00:07:937,-1.072649424,3.799325964,0,0,0,36,7.937,285.84
00:00:07:947,-1.096523815,3.792504461,0,0,0,36,7.947,286.2
00:00:07:957,-1.120354832,3.785532937,0,0,0,36,7.957,286.56
00:00:07:967,-1.144141529,3.778411667,0,0,0,36,7.967,286.92
00:00:07:977,-1.167882968,3.771140933,0,0,0,36,7.977,287.28
00:00:07:987,-1.191578208,3.763721023,0,0,0,36,7.987,287.64
00:00:07:997,-1.215226313,3.75615223,0,0,0,36,7.997,288
00:00:08:008,-1.238826346,3.748434853,0,0,0,36,8.008,317.196
00:00:08:018,-1.262377375,3.740569199,0,0,0,36,8.018,288.72
00:00:08:028,-1.285878467,3.732555577,0,0,0,36,8.028,289.08
00:00:08:038,-1.309328694,3.724394305,0,0,0,36,8.038,289.44
00:00:08:048,-1.332727127,3.716085706,0,0,0,36,8.048,289.8
00:00:08:058,-1.35607284,3.707630108,0,0,0,36,8.058,290.16
00:00:08:068,-1.379364911,3.699027846,0,0,0,36,8.068,290.52
00:00:08:078,-1.402602418,3.690279261,0,0,0,36,8.078,290.88
00:00:08:088,-1.425784442,3.681384697,0,0,0,36,8.088,291.24
00:00:08:098,-1.448910065,3.672344508,0,0,0,36,8.098,291.6
00:00:08:108,-1.471978374,3.663159051,0,0,0,36,8.108,291.96
00:00:08:118,-1.494988454,3.653828689,0,0,0,36,8.118,292.32
00:00:08:128,-1.517939397,3.644353791,0,0,0,36,8.128,292.68
00:00:08:138,-1.540830295,3.634734731,0,0,0,36,8.138,293.04
00:00:08:148,-1.563660241,3.624971892,0,0,0,36,8.148,293.4
00:00:08:158,-1.586428333,3.615065658,0,0,0,36,8.158,293.76
00:00:08:168,-1.60913367,3.605016421,0,0,0,36,8.168,294.12
00:00:08:178,-1.631775353,3.59482458,0,0,0,36,8.178,294.48
00:00:08:188,-1.654352489,3.584490537,0,0,0,36,8.188,294.84
00:00:08:198,-1.676864182,3.574014701,0,0,0,36,8.198,295.2
00:00:08:208,-1.699309543,3.563397486,0,0,0,36,8.208,295.56
00:00:08:218,-1.721687684,3.552639313,0,0,0,36,8.218,295.92
00:00:08:228,-1.743997719,3.541740606,0,0,0,36,8.228,296.28
00:00:08:238,-1.766238766,3.530701798,0,0,0,36,8.238,296.64
00:00:08:248,-1.788409946,3.519523324,0,0,0,36,8.248,297
00:00:08:258,-1.810510381,3.508205628,0,0,0,36,8.258,297.36
00:00:08:268,-1.832539197,3.496749156,0,0,0,36,8.268,297.72
00:00:08:278,-1.854495522,3.485154362,0,0,0,36,8.278,298.08
00:00:08:288,-1.876378489,3.473421704,0,0,0,36,8.288,298.44
00:00:08:298,-1.89818723,3.461551647,0,0,0,36,8.298,298.8
00:00:08:308,-1.919920885,3.44954466,0,0,0,36,8.308,299.16
00:00:08:318,-1.941578593,3.437401218,0,0,0,36,8.318,299.52
00:00:08:328,-1.963159497,3.425121802,0,0,0,36,8.328,299.88
00:00:08:338,-1.984662743,3.412706897,0,0,0,36,8.338,300.24
00:00:08:348,-2.006087481,3.400156994,0,0,0,36,8.348,300.6
00:00:08:358,-2.027432864,3.38747259,0,0,0,36,8.358,300.96
00:00:08:368,-2.048698047,3.374654186,0,0,0,36,8.368,301.32
00:00:08:378,-2.069882189,3.36170229,0,0,0,36,8.378,301.68
00:00:08:388,-2.090984452,3.348617414,0,0,0,36,8.388,302.04
00:00:08:398,-2.112004001,3.335400076,0,0,0,36,8.398,302.4
00:00:08:408,-2.132940005,3.322050797,0,0,0,36,8.408,302.76
00:00:08:418,-2.153791635,3.308570108,0,0,0,36,8.418,303.12
00:00:08:428,-2.174558067,3.29495854,0,0,0,36,8.428,303.48
00:00:08:438,-2.195238479,3.281216632,0,0,0,36,8.438,303.84
00:00:08:448,-2.215832053,3.267344928,0,0,0,36,8.448,304.2
00:00:08:458,-2.236337975,3.253343976,0,0,0,36,8.458,304.56
00:00:08:468,-2.256755433,3.239214331,0,0,0,36,8.468,304.92
00:00:08:478,-2.27708362,3.22495655,0,0,0,36,8.478,305.28
00:00:08:488,-2.297321732,3.210571199,0,0,0,36,8.488,305.64
00:00:08:498,-2.317468967,3.196058847,0,0,0,36,8.498,306
00:00:08:508,-2.33752453,3.181420066,0,0,0,36,8.508,306.36
00:00:08:518,-2.357487626,3.166655437,0,0,0,36,8.518,306.72
00:00:08:528,-2.377357466,3.151765544,0,0,0,36,8.528,307.08
00:00:08:538,-2.397133264,3.136750975,0,0,0,36,8.538,307.44
00:00:08:548,-2.416814238,3.121612324,0,0,0,36,8.548,307.8
00:00:08:558,-2.436399609,3.106350191,0,0,0,36,8.558,308.16
00:00:08:568,-2.455888603,3.090965179,0,0,0,36,8.568,308.52
00:00:08:578,-2.475280448,3.075457896,0,0,0,36,8.578,308.88
00:00:08:588,-2.494574378,3.059828956,0,0,0,36,8.588,309.24
00:00:08:598,-2.513769629,3.044078977,0,0,0,36,8.598,309.6
00:00:08:608,-2.532865441,3.028208583,0,0,0,36,8.608,309.96
00:00:08:618,-2.55186106,3.012218401,0,0,0,36,8.618,310.32
00:00:08:628,-2.570755735,2.996109063,0,0,0,36,8.628,310.68
00:00:08:638,-2.589548717,2.979881207,0,0,0,36,8.638,311.04
00:00:08:648,-2.608239263,2.963535475,0,0,0,36,8.648,311.4
00:00:08:658,-2.626826634,2.947072513,0,0,0,36,8.658,311.76
00:00:08:668,-2.645310095,2.930492973,0,0,0,36,8.668,312.12
00:00:08:678,-2.663688915,2.91379751,0,0,0,36,8.678,312.48
00:00:08:688,-2.681962365,2.896986786,0,0,0,36,8.688,312.84
00:00:08:698,-2.700129725,2.880061464,0,0,0,36,8.698,313.2
00:00:08:708,-2.718190274,2.863022214,0,0,0,36,8.708,313.56
00:00:08:718,-2.7361433,2.845869711,0,0,0,36,8.718,313.92
00:00:08:728,-2.75398809,2.828604632,0,0,0,36,8.728,314.28
00:00:08:738,-2.77172394,2.811227662,0,0,0,36,8.738,314.64
00:00:08:748,-2.789350148,2.793739486,0,0,0,36,8.748,315
00:00:08:758,-2.806866016,2.776140798,0,0,0,36,8.758,315.36
00:00:08:768,-2.824270853,2.758432293,0,0,0,36,8.768,315.72
00:00:08:778,-2.841563968,2.740614672,0,0,0,36,8.778,316.08
00:00:08:788,-2.858744679,2.722688639,0,0,0,36,8.788,316.44
00:00:08:798,-2.875812306,2.704654904,0,0,0,36,8.798,316.8
00:00:08:808,-2.892766172,2.68651418,0,0,0,36,8.808,317.16
00:00:08:818,-2.909605609,2.668267184,0,0,0,36,8.818,317.52
00:00:08:828,-2.92632995,2.649914639,0,0,0,36,8.828,317.88
00:00:08:838,-2.942938532,2.63145727,0,0,0,36,8.838,318.24
00:00:08:848,-2.9594307,2.612895807,0,0,0,36,8.848,318.6
00:00:08:858,-2.9758058,2.594230986,0,0,0,36,8.858,318.96
00:00:08:868,-2.992063185,2.575463543,0,0,0,36,8.868,319.32
00:00:08:878,-3.008202212,2.556594222,0,0,0,36,8.878,319.68
00:00:08:888,-3.024222243,2.537623769,0,0,0,36,8.888,320.04
00:00:08:898,-3.040122643,2.518552934,0,0,0,36,8.898,320.4
00:00:08:908,-3.055902784,2.499382471,0,0,0,36,8.908,320.76
00:00:08:918,-3.071562042,2.48011314,0,0,0,36,8.918,321.12
00:00:08:928,-3.087099797,2.460745702,0,0,0,36,8.928,321.48
00:00:08:938,-3.102515434,2.441280923,0,0,0,36,8.938,321.84
00:00:08:948,-3.117808344,2.421719574,0,0,0,36,8.948,322.2
00:00:08:958,-3.132977922,2.402062428,0,0,0,36,8.958,322.56
00:00:08:968,-3.148023567,2.382310263,0,0,0,36,8.968,322.92
00:00:08:978,-3.162944685,2.362463859,0,0,0,36,8.978,323.28
00:00:08:988,-3.177740685,2.342524003,0,0,0,36,8.988,323.64
00:00:08:998,-3.192410982,2.322491483,0,0,0,36,8.998,324
00:00:09:009,-3.206954995,2.302367091,0,0,0,36,9.009,356.796
00:00:09:019,-3.22137215,2.282151624,0,0,0,36,9.019,324.72
00:00:09:029,-3.235661876,2.261845881,0,0,0,36,9.029,325.08
00:00:09:039,-3.249823608,2.241450665,0,0,0,36,9.039,325.44
00:00:09:049,-3.263856785,2.220966783,0,0,0,36,9.049,325.8
00:00:09:059,-3.277760853,2.200395046,0,0,0,36,9.059,326.16
00:00:09:069,-3.291535261,2.179736266,0,0,0,36,9.069,326.52
00:00:09:079,-3.305179465,2.158991263,0,0,0,36,9.079,326.88
00:00:09:089,-3.318692924,2.138160855,0,0,0,36,9.089,327.24
00:00:09:099,-3.332075105,2.117245867,0,0,0,36,9.099,327.6
00:00:09:109,-3.345325478,2.096247126,0,0,0,36,9.109,327.96
00:00:09:119,-3.358443518,2.075165464,0,0,0,36,9.119,328.32
00:00:09:129,-3.371428707,2.054001713,0,0,0,36,9.129,328.68
00:00:09:139,-3.384280532,2.032756712,0,0,0,36,9.139,329.04
00:00:09:149,-3.396998483,2.0114313,0,0,0,36,9.149,329.4
00:00:09:159,-3.409582058,1.990026321,0,0,0,36,9.159,329.76
00:00:09:169,-3.422030758,1.968542622,0,0,0,36,9.169,330.12
00:00:09:179,-3.434344093,1.946981052,0,0,0,36,9.179,330.48
00:00:09:189,-3.446521573,1.925342466,0,0,0,36,9.189,330.84
00:00:09:199,-3.458562719,1.903627717,0,0,0,36,9.199,331.2
00:00:09:209,-3.470467053,1.881837666,0,0,0,36,9.209,331.56
00:00:09:219,-3.482234104,1.859973175,0,0,0,36,9.219,331.92
00:00:09:229,-3.493863407,1.838035108,0,0,0,36,9.229,332.28
00:00:09:239,-3.505354502,1.816024333,0,0,0,36,9.239,332.64
00:00:09:249,-3.516706935,1.793941721,0,0,0,36,9.249,333
00:00:09:259,-3.527920256,1.771788146,0,0,0,36,9.259,333.36
00:00:09:269,-3.538994022,1.749564483,0,0,0,36,9.269,333.72
00:00:09:279,-3.549927794,1.727271612,0,0,0,36,9.279,334.08
00:00:09:289,-3.560721141,1.704910415,0,0,0,36,9.289,334.44
00:00:09:299,-3.571373635,1.682481775,0,0,0,36,9.299,334.8
00:00:09:309,-3.581884855,1.659986582,0,0,0,36,9.309,335.16
00:00:09:319,-3.592254385,1.637425724,0,0,0,36,9.319,335.52
00:00:09:329,-3.602481815,1.614800093,0,0,0,36,9.329,335.88
00:00:09:339,-3.61256674,1.592110585,0,0,0,36,9.339,336.24
00:00:09:349,-3.622508761,1.569358098,0,0,0,36,9.349,336.6
00:00:09:359,-3.632307486,1.546543531,0,0,0,36,9.359,336.96
00:00:09:369,-3.641962526,1.523667786,0,0,0,36,9.369,337.32
00:00:09:379,-3.6514735,1.50073177,0,0,0,36,9.379,337.68
00:00:09:389,-3.660840031,1.477736388,0,0,0,36,9.389,338.04
00:00:09:399,-3.670061749,1.454682551,0,0,0,36,9.399,338.4
00:00:09:409,-3.679138289,1.431571171,0,0,0,36,9.409,338.76
00:00:09:419,-3.688069292,1.408403161,0,0,0,36,9.419,339.12
00:00:09:429,-3.696854404,1.385179439,0,0,0,36,9.429,339.48
00:00:09:439,-3.705493279,1.361900923,0,0,0,36,9.439,339.84
00:00:09:449,-3.713985574,1.338568533,0,0,0,36,9.449,340.2
00:00:09:459,-3.722330954,1.315183194,0,0,0,36,9.459,340.56
00:00:09:469,-3.730529088,1.291745829,0,0,0,36,9.469,340.92
00:00:09:479,-3.738579653,1.268257366,0,0,0,36,9.479,341.28
00:00:09:489,-3.746482329,1.244718734,0,0,0,36,9.489,341.64
00:00:09:499,-3.754236804,1.221130864,0,0,0,36,9.499,342
00:00:09:509,-3.761842771,1.19749469,0,0,0,36,9.509,342.36
00:00:09:519,-3.76929993,1.173811146,0,0,0,36,9.519,342.72
00:00:09:529,-3.776607985,1.150081169,0,0,0,36,9.529,343.08
00:00:09:539,-3.783766647,1.126305698,0,0,0,36,9.539,343.44
00:00:09:549,-3.790775634,1.102485673,0,0,0,36,9.549,343.8
00:00:09:559,-3.797634667,1.078622037,0,0,0,36,9.559,344.16
00:00:09:569,-3.804343477,1.054715733,0,0,0,36,9.569,344.52
00:00:09:579,-3.810901796,1.030767707,0,0,0,36,9.579,344.88
00:00:09:589,-3.817309366,1.006778907,0,0,0,36,9.589,345.24
00:00:09:599,-3.823565934,0.982750282,0,0,0,36,9.599,345.6
00:00:09:609,-3.829671251,0.958682781,0,0,0,36,9.609,345.96
00:00:09:619,-3.835625076,0.934577358,0,0,0,36,9.619,346.32
00:00:09:629,-3.841427175,0.910434965,0,0,0,36,9.629,346.68
00:00:09:639,-3.847077316,0.886256558,0,0,0,36,9.639,347.04
00:00:09:649,-3.852575278,0.862043093,0,0,0,36,9.649,347.4
00:00:09:659,-3.857920842,0.837795527,0,0,0,36,9.659,347.76
00:00:09:669,-3.863113796,0.813514821,0,0,0,36,9.669,348.12
00:00:09:679,-3.868153936,0.789201934,0,0,0,36,9.679,348.48
00:00:09:689,-3.873041062,0.764857828,0,0,0,36,9.689,348.84
00:00:09:699,-3.877774981,0.740483467,0,0,0,36,9.699,349.2
00:00:09:709,-3.882355505,0.716079814,0,0,0,36,9.709,349.56
00:00:09:719,-3.886782453,0.691647835,0,0,0,36,9.719,349.92
00:00:09:729,-3.891055651,0.667188496,0,0,0,36,9.729,350.28
00:00:09:739,-3.895174928,0.642702765,0,0,0,36,9.739,350.64
00:00:09:749,-3.899140123,0.61819161,0,0,0,36,9.749,351
00:00:09:759,-3.902951078,0.593656001,0,0,0,36,9.759,351.36
00:00:09:769,-3.906607643,0.569096909,0,0,0,36,9.769,351.72
00:00:09:779,-3.910109672,0.544515305,0,0,0,36,9.779,352.08
00:00:09:789,-3.913457028,0.519912161,0,0,0,36,9.789,352.44
00:00:09:799,-3.916649578,0.495288451,0,0,0,36,9.799,352.8
00:00:09:809,-3.919687195,0.470645148,0,0,0,36,9.809,353.16
00:00:09:819,-3.92256976,0.445983228,0,0,0,36,9.819,353.52
00:00:09:829,-3.925297159,0.421303666,0,0,0,36,9.829,353.88
00:00:09:839,-3.927869283,0.396607439,0,0,0,36,9.839,354.24
00:00:09:849,-3.930286031,0.371895523,0,0,0,36,9.849,354.6
00:00:09:859,-3.932547307,0.347168895,0,0,0,36,9.859,354.96
00:00:09:869,-3.934653022,0.322428534,0,0,0,36,9.869,355.32
00:00:09:879,-3.936603093,0.297675419,0,0,0,36,9.879,355.68
00:00:09:889,-3.938397442,0.272910529,0,0,0,36,9.889,356.04
00:00:09:899,-3.940035998,0.248134843,0,0,0,36,9.899,356.4
00:00:09:909,-3.941518697,0.223349342,0,0,0,36,9.909,356.76
00:00:09:919,-3.94284548,0.198555005,0,0,0,36,9.919,357.12
00:00:09:929,-3.944016294,0.173752814,0,0,0,36,9.929,357.48
00:00:09:939,-3.945031093,0.14894375,0,0,0,36,9.939,357.84
00:00:09:949,-3.945889837,0.124128794,0,0,0,36,9.949,358.2
00:00:09:959,-3.946592493,0.099308928,0,0,0,36,9.959,358.56
00:00:09:969,-3.947139031,0.074485134,0,0,0,36,9.969,358.92
00:00:09:979,-3.947529431,0.049658393,0,0,0,36,9.979,359.28
00:00:09:989,-3.947763677,0.024829687,0,0,0,36,9.989,359.64
00:00:10:000,-3.94784176,9.67E-16,0,0,0,36,10,36
